current_path	proposed_path	disposition	confidence	routing_rule	rationale
.DS_Store	legacy-unclassified/system-metadata/.DS_Store	metadata-quarantine	high	[metadata rule]	Finder metadata or Office temporary/lock file; quarantine without treating it as substantive evidence or deleting it.
Adventis/1 Pre-Boot Camp Files/2017 Whole Foods Proxy Statement.pdf	experience-and-portfolio/technical-training/Adventis/1 Pre-Boot Camp Files/2017 Whole Foods Proxy Statement.pdf	move-as-bundle	high	Adventis/	Financial-modeling training materials belong together.
Adventis/1 Pre-Boot Camp Files/Adventis Boot Camp Packet 200526.pdf	experience-and-portfolio/technical-training/Adventis/1 Pre-Boot Camp Files/Adventis Boot Camp Packet 200526.pdf	move-as-bundle	high	Adventis/	Financial-modeling training materials belong together.
Adventis/1 Pre-Boot Camp Files/Adventis Financial Modeling Macros (for Macs) 251231.xlsm	experience-and-portfolio/technical-training/Adventis/1 Pre-Boot Camp Files/Adventis Financial Modeling Macros (for Macs) 251231.xlsm	move-as-bundle	high	Adventis/	Financial-modeling training materials belong together.
Adventis/1 Pre-Boot Camp Files/Adventis Financial Modeling Macros (for PCs) 251231.xlsm	experience-and-portfolio/technical-training/Adventis/1 Pre-Boot Camp Files/Adventis Financial Modeling Macros (for PCs) 251231.xlsm	move-as-bundle	high	Adventis/	Financial-modeling training materials belong together.
Adventis/1 Pre-Boot Camp Files/Resume Descriptions 180824.pdf	experience-and-portfolio/technical-training/Adventis/1 Pre-Boot Camp Files/Resume Descriptions 180824.pdf	move-as-bundle	high	Adventis/	Financial-modeling training materials belong together.
Adventis/1 Pre-Boot Camp Files/Self-Paced Exercise 170927.xlsx	experience-and-portfolio/technical-training/Adventis/1 Pre-Boot Camp Files/Self-Paced Exercise 170927.xlsx	move-as-bundle	high	Adventis/	Financial-modeling training materials belong together.
Adventis/1 Pre-Boot Camp Files/Self-Paced Exercise Instructions 170928.pdf	experience-and-portfolio/technical-training/Adventis/1 Pre-Boot Camp Files/Self-Paced Exercise Instructions 170928.pdf	move-as-bundle	high	Adventis/	Financial-modeling training materials belong together.
Adventis/2 Adventis Air Financial Modeling Exercise/Adventis Air 2018 10-K Selected Pages 190425.pdf	experience-and-portfolio/technical-training/Adventis/2 Adventis Air Financial Modeling Exercise/Adventis Air 2018 10-K Selected Pages 190425.pdf	move-as-bundle	high	Adventis/	Financial-modeling training materials belong together.
Adventis/2 Adventis Air Financial Modeling Exercise/Adventis Air Equity Research 200524.pdf	experience-and-portfolio/technical-training/Adventis/2 Adventis Air Financial Modeling Exercise/Adventis Air Equity Research 200524.pdf	move-as-bundle	high	Adventis/	Financial-modeling training materials belong together.
Adventis/2 Adventis Air Financial Modeling Exercise/Adventis Air Exercise 200322 v.01.xlsx	experience-and-portfolio/technical-training/Adventis/2 Adventis Air Financial Modeling Exercise/Adventis Air Exercise 200322 v.01.xlsx	move-as-bundle	high	Adventis/	Financial-modeling training materials belong together.
Adventis/2 Adventis Air Financial Modeling Exercise/Adventis Air Exercise 200322 v.02.xlsx	experience-and-portfolio/technical-training/Adventis/2 Adventis Air Financial Modeling Exercise/Adventis Air Exercise 200322 v.02.xlsx	move-as-bundle	high	Adventis/	Financial-modeling training materials belong together.
Adventis/2 Adventis Air Financial Modeling Exercise/Adventis Air Exercise 200322 v.03.xlsx	experience-and-portfolio/technical-training/Adventis/2 Adventis Air Financial Modeling Exercise/Adventis Air Exercise 200322 v.03.xlsx	move-as-bundle	high	Adventis/	Financial-modeling training materials belong together.
Adventis/2 Adventis Air Financial Modeling Exercise/Adventis Air Exercise 200322 v.04.xlsx	experience-and-portfolio/technical-training/Adventis/2 Adventis Air Financial Modeling Exercise/Adventis Air Exercise 200322 v.04.xlsx	move-as-bundle	high	Adventis/	Financial-modeling training materials belong together.
Adventis/2 Adventis Air Financial Modeling Exercise/Adventis Air Exercise 200322 v.05.xlsx	experience-and-portfolio/technical-training/Adventis/2 Adventis Air Financial Modeling Exercise/Adventis Air Exercise 200322 v.05.xlsx	move-as-bundle	high	Adventis/	Financial-modeling training materials belong together.
Adventis/2 Adventis Air Financial Modeling Exercise/Adventis Air Exercise 200322 v.06.xlsx	experience-and-portfolio/technical-training/Adventis/2 Adventis Air Financial Modeling Exercise/Adventis Air Exercise 200322 v.06.xlsx	move-as-bundle	high	Adventis/	Financial-modeling training materials belong together.
Adventis/2 Adventis Air Financial Modeling Exercise/Adventis Air Exercise 200322 v.08.xlsx	experience-and-portfolio/technical-training/Adventis/2 Adventis Air Financial Modeling Exercise/Adventis Air Exercise 200322 v.08.xlsx	move-as-bundle	high	Adventis/	Financial-modeling training materials belong together.
Adventis/2 Adventis Air Financial Modeling Exercise/Adventis Air Exercise 200322 v.09.xlsx	experience-and-portfolio/technical-training/Adventis/2 Adventis Air Financial Modeling Exercise/Adventis Air Exercise 200322 v.09.xlsx	move-as-bundle	high	Adventis/	Financial-modeling training materials belong together.
Adventis/2 Adventis Air Financial Modeling Exercise/Adventis Air Exercise 200322.xlsx	experience-and-portfolio/technical-training/Adventis/2 Adventis Air Financial Modeling Exercise/Adventis Air Exercise 200322.xlsx	move-as-bundle	high	Adventis/	Financial-modeling training materials belong together.
Adventis/2 Adventis Air Financial Modeling Exercise/Adventis Air Exercise v.10.xlsx	experience-and-portfolio/technical-training/Adventis/2 Adventis Air Financial Modeling Exercise/Adventis Air Exercise v.10.xlsx	move-as-bundle	high	Adventis/	Financial-modeling training materials belong together.
Adventis/2 Adventis Air Financial Modeling Exercise/Adventis Air Exercise v9.5.xlsx	experience-and-portfolio/technical-training/Adventis/2 Adventis Air Financial Modeling Exercise/Adventis Air Exercise v9.5.xlsx	move-as-bundle	high	Adventis/	Financial-modeling training materials belong together.
Adventis/2 Adventis Air Financial Modeling Exercise/Adventis Air Financial Model MASTER 200322.xlsx	experience-and-portfolio/technical-training/Adventis/2 Adventis Air Financial Modeling Exercise/Adventis Air Financial Model MASTER 200322.xlsx	move-as-bundle	high	Adventis/	Financial-modeling training materials belong together.
Adventis/2 Adventis Air Financial Modeling Exercise/Adventis Air Inputs 190423.xlsx	experience-and-portfolio/technical-training/Adventis/2 Adventis Air Financial Modeling Exercise/Adventis Air Inputs 190423.xlsx	move-as-bundle	high	Adventis/	Financial-modeling training materials belong together.
Adventis/3 PepsiCo Financial Modeling Exercise/PepsiCo 10-K Selected Pages 190418.pdf	experience-and-portfolio/technical-training/Adventis/3 PepsiCo Financial Modeling Exercise/PepsiCo 10-K Selected Pages 190418.pdf	move-as-bundle	high	Adventis/	Financial-modeling training materials belong together.
Adventis/3 PepsiCo Financial Modeling Exercise/Pepsico Exercise 200322.xlsx	experience-and-portfolio/technical-training/Adventis/3 PepsiCo Financial Modeling Exercise/Pepsico Exercise 200322.xlsx	move-as-bundle	high	Adventis/	Financial-modeling training materials belong together.
Adventis/3 PepsiCo Financial Modeling Exercise/Pepsico Financial Model MASTER 200322.xlsx	experience-and-portfolio/technical-training/Adventis/3 PepsiCo Financial Modeling Exercise/Pepsico Financial Model MASTER 200322.xlsx	move-as-bundle	high	Adventis/	Financial-modeling training materials belong together.
Adventis/3 PepsiCo Financial Modeling Exercise/Pepsico Inputs 190422.xlsx	experience-and-portfolio/technical-training/Adventis/3 PepsiCo Financial Modeling Exercise/Pepsico Inputs 190422.xlsx	move-as-bundle	high	Adventis/	Financial-modeling training materials belong together.
Adventis/Adventis Air Exercise v.10.xlsx	experience-and-portfolio/technical-training/Adventis/Adventis Air Exercise v.10.xlsx	move-as-bundle	high	Adventis/	Financial-modeling training materials belong together.
Adventis/Adventis_Boot_Camp_Materials.zip	experience-and-portfolio/technical-training/Adventis/Adventis_Boot_Camp_Materials.zip	move-as-bundle	high	Adventis/	Financial-modeling training materials belong together.
BADM 301/Activity - Tell me about yourself.pdf	education-and-leadership/coursework/BADM 301/Activity - Tell me about yourself.pdf	move-as-bundle	high	BADM 301/	Course assignments and supporting materials.
BADM 301/Behavior Interview Project.docx	education-and-leadership/coursework/BADM 301/Behavior Interview Project.docx	move-as-bundle	high	BADM 301/	Course assignments and supporting materials.
BADM 301/Birkman Reflection - Leo Goldberg.docx	education-and-leadership/coursework/BADM 301/Birkman Reflection - Leo Goldberg.docx	move-as-bundle	high	BADM 301/	Course assignments and supporting materials.
BADM 301/Birkman Results Finished.pdf	education-and-leadership/coursework/BADM 301/Birkman Results Finished.pdf	move-as-bundle	high	BADM 301/	Course assignments and supporting materials.
BADM 301/Birkman Results.pdf	education-and-leadership/coursework/BADM 301/Birkman Results.pdf	move-as-bundle	high	BADM 301/	Course assignments and supporting materials.
BADM 301/Informational Interview Assignment Sheet 2.docx	education-and-leadership/coursework/BADM 301/Informational Interview Assignment Sheet 2.docx	move-as-bundle	high	BADM 301/	Course assignments and supporting materials.
BADM 301/Informational Interview Assignment Sheet.docx	education-and-leadership/coursework/BADM 301/Informational Interview Assignment Sheet.docx	move-as-bundle	high	BADM 301/	Course assignments and supporting materials.
BADM 301/Jobs _ Careers _ McKinsey & Company.html	education-and-leadership/coursework/BADM 301/Jobs _ Careers _ McKinsey & Company.html	move-as-bundle	high	BADM 301/	Course assignments and supporting materials.
BADM 301/Jobs _ Careers _ McKinsey & Company_files/10866620988.html	education-and-leadership/coursework/BADM 301/Jobs _ Careers _ McKinsey & Company_files/10866620988.html	move-as-bundle	high	BADM 301/	Course assignments and supporting materials.
BADM 301/Jobs _ Careers _ McKinsey & Company_files/1158366444328389	education-and-leadership/coursework/BADM 301/Jobs _ Careers _ McKinsey & Company_files/1158366444328389	move-as-bundle	high	BADM 301/	Course assignments and supporting materials.
BADM 301/Jobs _ Careers _ McKinsey & Company_files/124437594914419	education-and-leadership/coursework/BADM 301/Jobs _ Careers _ McKinsey & Company_files/124437594914419	move-as-bundle	high	BADM 301/	Course assignments and supporting materials.
BADM 301/Jobs _ Careers _ McKinsey & Company_files/670002392.html	education-and-leadership/coursework/BADM 301/Jobs _ Careers _ McKinsey & Company_files/670002392.html	move-as-bundle	high	BADM 301/	Course assignments and supporting materials.
BADM 301/Jobs _ Careers _ McKinsey & Company_files/819789980.html	education-and-leadership/coursework/BADM 301/Jobs _ Careers _ McKinsey & Company_files/819789980.html	move-as-bundle	high	BADM 301/	Course assignments and supporting materials.
BADM 301/Jobs _ Careers _ McKinsey & Company_files/831257135.html	education-and-leadership/coursework/BADM 301/Jobs _ Careers _ McKinsey & Company_files/831257135.html	move-as-bundle	high	BADM 301/	Course assignments and supporting materials.
BADM 301/Jobs _ Careers _ McKinsey & Company_files/AppMeasurement.js.download	education-and-leadership/coursework/BADM 301/Jobs _ Careers _ McKinsey & Company_files/AppMeasurement.js.download	move-as-bundle	high	BADM 301/	Course assignments and supporting materials.
BADM 301/Jobs _ Careers _ McKinsey & Company_files/AppMeasurement.min.js.download	education-and-leadership/coursework/BADM 301/Jobs _ Careers _ McKinsey & Company_files/AppMeasurement.min.js.download	move-as-bundle	high	BADM 301/	Course assignments and supporting materials.
BADM 301/Jobs _ Careers _ McKinsey & Company_files/AppMeasurement_Module_ActivityMap.min.js.download	education-and-leadership/coursework/BADM 301/Jobs _ Careers _ McKinsey & Company_files/AppMeasurement_Module_ActivityMap.min.js.download	move-as-bundle	high	BADM 301/	Course assignments and supporting materials.
BADM 301/Jobs _ Careers _ McKinsey & Company_files/DataLayer.bdac42f8d55ecb2de070.js.download	education-and-leadership/coursework/BADM 301/Jobs _ Careers _ McKinsey & Company_files/DataLayer.bdac42f8d55ecb2de070.js.download	move-as-bundle	high	BADM 301/	Course assignments and supporting materials.
BADM 301/Jobs _ Careers _ McKinsey & Company_files/NRJS-209506966f4b1a90574	education-and-leadership/coursework/BADM 301/Jobs _ Careers _ McKinsey & Company_files/NRJS-209506966f4b1a90574	move-as-bundle	high	BADM 301/	Course assignments and supporting materials.
BADM 301/Jobs _ Careers _ McKinsey & Company_files/RC021a392dac9347778099fa68daa25e6b-source.min.js.download	education-and-leadership/coursework/BADM 301/Jobs _ Careers _ McKinsey & Company_files/RC021a392dac9347778099fa68daa25e6b-source.min.js.download	move-as-bundle	high	BADM 301/	Course assignments and supporting materials.
BADM 301/Jobs _ Careers _ McKinsey & Company_files/RC06a8cebfb2bb45d6b723eaa0e81aa66a-source.min.js.download	education-and-leadership/coursework/BADM 301/Jobs _ Careers _ McKinsey & Company_files/RC06a8cebfb2bb45d6b723eaa0e81aa66a-source.min.js.download	move-as-bundle	high	BADM 301/	Course assignments and supporting materials.
BADM 301/Jobs _ Careers _ McKinsey & Company_files/RC0b08866951d34c319ec809958c8630a6-source.min.js.download	education-and-leadership/coursework/BADM 301/Jobs _ Careers _ McKinsey & Company_files/RC0b08866951d34c319ec809958c8630a6-source.min.js.download	move-as-bundle	high	BADM 301/	Course assignments and supporting materials.
BADM 301/Jobs _ Careers _ McKinsey & Company_files/RC2016f69b49794d298d36d18dd1c94237-source.min.js.download	education-and-leadership/coursework/BADM 301/Jobs _ Careers _ McKinsey & Company_files/RC2016f69b49794d298d36d18dd1c94237-source.min.js.download	move-as-bundle	high	BADM 301/	Course assignments and supporting materials.
BADM 301/Jobs _ Careers _ McKinsey & Company_files/RC2609f672cea24dc7a12025d686534f25-source.min.js.download	education-and-leadership/coursework/BADM 301/Jobs _ Careers _ McKinsey & Company_files/RC2609f672cea24dc7a12025d686534f25-source.min.js.download	move-as-bundle	high	BADM 301/	Course assignments and supporting materials.
BADM 301/Jobs _ Careers _ McKinsey & Company_files/RC5c67307018d849e9ad5cce5d5a8f5b9b-source.min.js.download	education-and-leadership/coursework/BADM 301/Jobs _ Careers _ McKinsey & Company_files/RC5c67307018d849e9ad5cce5d5a8f5b9b-source.min.js.download	move-as-bundle	high	BADM 301/	Course assignments and supporting materials.
BADM 301/Jobs _ Careers _ McKinsey & Company_files/RC5f53b67c2efd41cfa62fa61b4ce097db-source.min.js.download	education-and-leadership/coursework/BADM 301/Jobs _ Careers _ McKinsey & Company_files/RC5f53b67c2efd41cfa62fa61b4ce097db-source.min.js.download	move-as-bundle	high	BADM 301/	Course assignments and supporting materials.
BADM 301/Jobs _ Careers _ McKinsey & Company_files/RC88418c6f54f74959b48e4544daf5aa78-source.min.js.download	education-and-leadership/coursework/BADM 301/Jobs _ Careers _ McKinsey & Company_files/RC88418c6f54f74959b48e4544daf5aa78-source.min.js.download	move-as-bundle	high	BADM 301/	Course assignments and supporting materials.
BADM 301/Jobs _ Careers _ McKinsey & Company_files/RC989c8e71fa254e9fac09b3d2c2b26f05-source.min.js.download	education-and-leadership/coursework/BADM 301/Jobs _ Careers _ McKinsey & Company_files/RC989c8e71fa254e9fac09b3d2c2b26f05-source.min.js.download	move-as-bundle	high	BADM 301/	Course assignments and supporting materials.
BADM 301/Jobs _ Careers _ McKinsey & Company_files/RCa494d103b6864be9a8f47caf1b9f0ffb-source.min.js.download	education-and-leadership/coursework/BADM 301/Jobs _ Careers _ McKinsey & Company_files/RCa494d103b6864be9a8f47caf1b9f0ffb-source.min.js.download	move-as-bundle	high	BADM 301/	Course assignments and supporting materials.
BADM 301/Jobs _ Careers _ McKinsey & Company_files/RCa4de6d33586f48d5a57126513aaddfa6-source.min.js.download	education-and-leadership/coursework/BADM 301/Jobs _ Careers _ McKinsey & Company_files/RCa4de6d33586f48d5a57126513aaddfa6-source.min.js.download	move-as-bundle	high	BADM 301/	Course assignments and supporting materials.
BADM 301/Jobs _ Careers _ McKinsey & Company_files/RCb16ccf30765d41b1b0972043724f2a26-source.min.js.download	education-and-leadership/coursework/BADM 301/Jobs _ Careers _ McKinsey & Company_files/RCb16ccf30765d41b1b0972043724f2a26-source.min.js.download	move-as-bundle	high	BADM 301/	Course assignments and supporting materials.
BADM 301/Jobs _ Careers _ McKinsey & Company_files/RCb22b803511e64680871e41f7b79be401-source.min.js.download	education-and-leadership/coursework/BADM 301/Jobs _ Careers _ McKinsey & Company_files/RCb22b803511e64680871e41f7b79be401-source.min.js.download	move-as-bundle	high	BADM 301/	Course assignments and supporting materials.
BADM 301/Jobs _ Careers _ McKinsey & Company_files/RCc0325661d6bb491484e579aee4123acb-source.min.js.download	education-and-leadership/coursework/BADM 301/Jobs _ Careers _ McKinsey & Company_files/RCc0325661d6bb491484e579aee4123acb-source.min.js.download	move-as-bundle	high	BADM 301/	Course assignments and supporting materials.
BADM 301/Jobs _ Careers _ McKinsey & Company_files/RCda15a2d4fcff4b6da0e961c850b64d22-source.min.js.download	education-and-leadership/coursework/BADM 301/Jobs _ Careers _ McKinsey & Company_files/RCda15a2d4fcff4b6da0e961c850b64d22-source.min.js.download	move-as-bundle	high	BADM 301/	Course assignments and supporting materials.
BADM 301/Jobs _ Careers _ McKinsey & Company_files/RCe2f54e1866da4cff9ac220cbd5118a45-source.min.js.download	education-and-leadership/coursework/BADM 301/Jobs _ Careers _ McKinsey & Company_files/RCe2f54e1866da4cff9ac220cbd5118a45-source.min.js.download	move-as-bundle	high	BADM 301/	Course assignments and supporting materials.
BADM 301/Jobs _ Careers _ McKinsey & Company_files/TURRK-8ADJT-WDUC5-TC32E-KV9ND	education-and-leadership/coursework/BADM 301/Jobs _ Careers _ McKinsey & Company_files/TURRK-8ADJT-WDUC5-TC32E-KV9ND	move-as-bundle	high	BADM 301/	Course assignments and supporting materials.
BADM 301/Jobs _ Careers _ McKinsey & Company_files/VisitorAPI.js.download	education-and-leadership/coursework/BADM 301/Jobs _ Careers _ McKinsey & Company_files/VisitorAPI.js.download	move-as-bundle	high	BADM 301/	Course assignments and supporting materials.
BADM 301/Jobs _ Careers _ McKinsey & Company_files/app.259d64c593b1bb4a1253.js.download	education-and-leadership/coursework/BADM 301/Jobs _ Careers _ McKinsey & Company_files/app.259d64c593b1bb4a1253.js.download	move-as-bundle	high	BADM 301/	Course assignments and supporting materials.
BADM 301/Jobs _ Careers _ McKinsey & Company_files/careersfooterv1.js.download	education-and-leadership/coursework/BADM 301/Jobs _ Careers _ McKinsey & Company_files/careersfooterv1.js.download	move-as-bundle	high	BADM 301/	Course assignments and supporting materials.
BADM 301/Jobs _ Careers _ McKinsey & Company_files/dest5.html	education-and-leadership/coursework/BADM 301/Jobs _ Careers _ McKinsey & Company_files/dest5.html	move-as-bundle	high	BADM 301/	Course assignments and supporting materials.
BADM 301/Jobs _ Careers _ McKinsey & Company_files/f(1).txt	education-and-leadership/coursework/BADM 301/Jobs _ Careers _ McKinsey & Company_files/f(1).txt	move-as-bundle	high	BADM 301/	Course assignments and supporting materials.
BADM 301/Jobs _ Careers _ McKinsey & Company_files/f(2).txt	education-and-leadership/coursework/BADM 301/Jobs _ Careers _ McKinsey & Company_files/f(2).txt	move-as-bundle	high	BADM 301/	Course assignments and supporting materials.
BADM 301/Jobs _ Careers _ McKinsey & Company_files/f(3).txt	education-and-leadership/coursework/BADM 301/Jobs _ Careers _ McKinsey & Company_files/f(3).txt	move-as-bundle	high	BADM 301/	Course assignments and supporting materials.
BADM 301/Jobs _ Careers _ McKinsey & Company_files/f(4).txt	education-and-leadership/coursework/BADM 301/Jobs _ Careers _ McKinsey & Company_files/f(4).txt	move-as-bundle	high	BADM 301/	Course assignments and supporting materials.
BADM 301/Jobs _ Careers _ McKinsey & Company_files/f.txt	education-and-leadership/coursework/BADM 301/Jobs _ Careers _ McKinsey & Company_files/f.txt	move-as-bundle	high	BADM 301/	Course assignments and supporting materials.
BADM 301/Jobs _ Careers _ McKinsey & Company_files/fbevents.js.download	education-and-leadership/coursework/BADM 301/Jobs _ Careers _ McKinsey & Company_files/fbevents.js.download	move-as-bundle	high	BADM 301/	Course assignments and supporting materials.
BADM 301/Jobs _ Careers _ McKinsey & Company_files/globalheaderv1.js.download	education-and-leadership/coursework/BADM 301/Jobs _ Careers _ McKinsey & Company_files/globalheaderv1.js.download	move-as-bundle	high	BADM 301/	Course assignments and supporting materials.
BADM 301/Jobs _ Careers _ McKinsey & Company_files/gtm.js.download	education-and-leadership/coursework/BADM 301/Jobs _ Careers _ McKinsey & Company_files/gtm.js.download	move-as-bundle	high	BADM 301/	Course assignments and supporting materials.
BADM 301/Jobs _ Careers _ McKinsey & Company_files/hotjar-416998.js.download	education-and-leadership/coursework/BADM 301/Jobs _ Careers _ McKinsey & Company_files/hotjar-416998.js.download	move-as-bundle	high	BADM 301/	Course assignments and supporting materials.
BADM 301/Jobs _ Careers _ McKinsey & Company_files/insight.beta.min.js.download	education-and-leadership/coursework/BADM 301/Jobs _ Careers _ McKinsey & Company_files/insight.beta.min.js.download	move-as-bundle	high	BADM 301/	Course assignments and supporting materials.
BADM 301/Jobs _ Careers _ McKinsey & Company_files/insight.min.js.download	education-and-leadership/coursework/BADM 301/Jobs _ Careers _ McKinsey & Company_files/insight.min.js.download	move-as-bundle	high	BADM 301/	Course assignments and supporting materials.
BADM 301/Jobs _ Careers _ McKinsey & Company_files/js	education-and-leadership/coursework/BADM 301/Jobs _ Careers _ McKinsey & Company_files/js	move-as-bundle	high	BADM 301/	Course assignments and supporting materials.
BADM 301/Jobs _ Careers _ McKinsey & Company_files/js(1)	education-and-leadership/coursework/BADM 301/Jobs _ Careers _ McKinsey & Company_files/js(1)	move-as-bundle	high	BADM 301/	Course assignments and supporting materials.
BADM 301/Jobs _ Careers _ McKinsey & Company_files/js(2)	education-and-leadership/coursework/BADM 301/Jobs _ Careers _ McKinsey & Company_files/js(2)	move-as-bundle	high	BADM 301/	Course assignments and supporting materials.
BADM 301/Jobs _ Careers _ McKinsey & Company_files/js(3)	education-and-leadership/coursework/BADM 301/Jobs _ Careers _ McKinsey & Company_files/js(3)	move-as-bundle	high	BADM 301/	Course assignments and supporting materials.
BADM 301/Jobs _ Careers _ McKinsey & Company_files/js(4)	education-and-leadership/coursework/BADM 301/Jobs _ Careers _ McKinsey & Company_files/js(4)	move-as-bundle	high	BADM 301/	Course assignments and supporting materials.
BADM 301/Jobs _ Careers _ McKinsey & Company_files/launch-a400cfbb2fd3.min.js.download	education-and-leadership/coursework/BADM 301/Jobs _ Careers _ McKinsey & Company_files/launch-a400cfbb2fd3.min.js.download	move-as-bundle	high	BADM 301/	Course assignments and supporting materials.
BADM 301/Jobs _ Careers _ McKinsey & Company_files/mckinsey---company_owler_20190728_090718_original.png	education-and-leadership/coursework/BADM 301/Jobs _ Careers _ McKinsey & Company_files/mckinsey---company_owler_20190728_090718_original.png	move-as-bundle	high	BADM 301/	Course assignments and supporting materials.
BADM 301/Jobs _ Careers _ McKinsey & Company_files/modules.c64aa95271c86c62f7b0.js.download	education-and-leadership/coursework/BADM 301/Jobs _ Careers _ McKinsey & Company_files/modules.c64aa95271c86c62f7b0.js.download	move-as-bundle	high	BADM 301/	Course assignments and supporting materials.
BADM 301/Jobs _ Careers _ McKinsey & Company_files/munchkin(1).js.download	education-and-leadership/coursework/BADM 301/Jobs _ Careers _ McKinsey & Company_files/munchkin(1).js.download	move-as-bundle	high	BADM 301/	Course assignments and supporting materials.
BADM 301/Jobs _ Careers _ McKinsey & Company_files/munchkin.js.download	education-and-leadership/coursework/BADM 301/Jobs _ Careers _ McKinsey & Company_files/munchkin.js.download	move-as-bundle	high	BADM 301/	Course assignments and supporting materials.
BADM 301/Jobs _ Careers _ McKinsey & Company_files/nr-spa-1216.min.js.download	education-and-leadership/coursework/BADM 301/Jobs _ Careers _ McKinsey & Company_files/nr-spa-1216.min.js.download	move-as-bundle	high	BADM 301/	Course assignments and supporting materials.
BADM 301/Jobs _ Careers _ McKinsey & Company_files/otBannerSdk.js.download	education-and-leadership/coursework/BADM 301/Jobs _ Careers _ McKinsey & Company_files/otBannerSdk.js.download	move-as-bundle	high	BADM 301/	Course assignments and supporting materials.
BADM 301/Jobs _ Careers _ McKinsey & Company_files/otSDKStub.js.download	education-and-leadership/coursework/BADM 301/Jobs _ Careers _ McKinsey & Company_files/otSDKStub.js.download	move-as-bundle	high	BADM 301/	Course assignments and supporting materials.
BADM 301/Jobs _ Careers _ McKinsey & Company_files/pixie.js.download	education-and-leadership/coursework/BADM 301/Jobs _ Careers _ McKinsey & Company_files/pixie.js.download	move-as-bundle	high	BADM 301/	Course assignments and supporting materials.
BADM 301/Jobs _ Careers _ McKinsey & Company_files/powered_by_logo.svg	education-and-leadership/coursework/BADM 301/Jobs _ Careers _ McKinsey & Company_files/powered_by_logo.svg	move-as-bundle	high	BADM 301/	Course assignments and supporting materials.
BADM 301/Jobs _ Careers _ McKinsey & Company_files/runtime.27bf0a2acb9117865933.js.download	education-and-leadership/coursework/BADM 301/Jobs _ Careers _ McKinsey & Company_files/runtime.27bf0a2acb9117865933.js.download	move-as-bundle	high	BADM 301/	Course assignments and supporting materials.
BADM 301/Jobs _ Careers _ McKinsey & Company_files/saved_resource(1).html	education-and-leadership/coursework/BADM 301/Jobs _ Careers _ McKinsey & Company_files/saved_resource(1).html	move-as-bundle	high	BADM 301/	Course assignments and supporting materials.
BADM 301/Jobs _ Careers _ McKinsey & Company_files/saved_resource(2).html	education-and-leadership/coursework/BADM 301/Jobs _ Careers _ McKinsey & Company_files/saved_resource(2).html	move-as-bundle	high	BADM 301/	Course assignments and supporting materials.
BADM 301/Jobs _ Careers _ McKinsey & Company_files/saved_resource.html	education-and-leadership/coursework/BADM 301/Jobs _ Careers _ McKinsey & Company_files/saved_resource.html	move-as-bundle	high	BADM 301/	Course assignments and supporting materials.
BADM 301/Jobs _ Careers _ McKinsey & Company_files/shared.92c160232d68c6b275f1.js.download	education-and-leadership/coursework/BADM 301/Jobs _ Careers _ McKinsey & Company_files/shared.92c160232d68c6b275f1.js.download	move-as-bundle	high	BADM 301/	Course assignments and supporting materials.
BADM 301/Jobs _ Careers _ McKinsey & Company_files/styles-12bc84.css	education-and-leadership/coursework/BADM 301/Jobs _ Careers _ McKinsey & Company_files/styles-12bc84.css	move-as-bundle	high	BADM 301/	Course assignments and supporting materials.
BADM 301/Jobs _ Careers _ McKinsey & Company_files/vendorv1.js.download	education-and-leadership/coursework/BADM 301/Jobs _ Careers _ McKinsey & Company_files/vendorv1.js.download	move-as-bundle	high	BADM 301/	Course assignments and supporting materials.
BADM 301/Kami Export - Activity - Tell me about yourself.pdf	education-and-leadership/coursework/BADM 301/Kami Export - Activity - Tell me about yourself.pdf	move-as-bundle	high	BADM 301/	Course assignments and supporting materials.
BADM 301/Leo_Goldberg_CoverLetter.docx	education-and-leadership/coursework/BADM 301/Leo_Goldberg_CoverLetter.docx	move-as-bundle	high	BADM 301/	Course assignments and supporting materials.
BADM 301/Leo_Goldberg_CoverLetter.pdf	education-and-leadership/coursework/BADM 301/Leo_Goldberg_CoverLetter.pdf	move-as-bundle	high	BADM 301/	Course assignments and supporting materials.
BADM 301/Linked in connection request proof.png	education-and-leadership/coursework/BADM 301/Linked in connection request proof.png	move-as-bundle	high	BADM 301/	Course assignments and supporting materials.
BADM 301/Maldonado BADM 301-857 Fall 2023 Syllabus.docx	education-and-leadership/coursework/BADM 301/Maldonado BADM 301-857 Fall 2023 Syllabus.docx	move-as-bundle	high	BADM 301/	Course assignments and supporting materials.
BMC Proof of Completion.pdf	career-core/certifications/BMC Proof of Completion.pdf	proposed-move	high	BMC Proof of Completion.pdf	Reusable certification evidence.
BNP Internship/Internship Personal Account Page.pdf	experience-and-portfolio/employers/BNP Paribas/Internship Personal Account Page.pdf	move-as-bundle	high	BNP Internship/	Employer/internship records rather than recruiting submissions.
BNP Internship/Summer Intern Certification Forms Complete.pdf	experience-and-portfolio/employers/BNP Paribas/Summer Intern Certification Forms Complete.pdf	move-as-bundle	high	BNP Internship/	Employer/internship records rather than recruiting submissions.
BNP Internship/W4 Complete.pdf	experience-and-portfolio/employers/BNP Paribas/W4 Complete.pdf	move-as-bundle	high	BNP Internship/	Employer/internship records rather than recruiting submissions.
BNP Internship/_Summer_Intern_Certification_Forms.pdf	experience-and-portfolio/employers/BNP Paribas/_Summer_Intern_Certification_Forms.pdf	move-as-bundle	high	BNP Internship/	Employer/internship records rather than recruiting submissions.
BNP Internship/personal account page upload_1_1.pdf	experience-and-portfolio/employers/BNP Paribas/personal account page upload_1_1.pdf	move-as-bundle	high	BNP Internship/	Employer/internship records rather than recruiting submissions.
Beach Headshot.jpg	career-core/profile-assets/Beach Headshot.jpg	proposed-move	high	Beach Headshot.jpg	Professional/profile image candidate.
Ben Resume/Updated Resume.docx	reference-materials/resume-examples/Ben Resume/Updated Resume.docx	move-as-bundle	medium	Ben Resume/	Appears to be another person's resume used as reference; content review required.
Carolina Fund Stock Pitch/.DS_Store	legacy-unclassified/system-metadata/Carolina Fund Stock Pitch/.DS_Store	metadata-quarantine	high	[metadata rule]	Finder metadata or Office temporary/lock file; quarantine without treating it as substantive evidence or deleting it.
Carolina Fund Stock Pitch/APA Corp DCF.xlsx	experience-and-portfolio/investment-projects/Carolina Fund Stock Pitch/APA Corp DCF.xlsx	move-as-bundle	high	Carolina Fund Stock Pitch/	Investment-project evidence and working files.
Carolina Fund Stock Pitch/APA Corporation NasdaqGS APA Financials Income Statement.xls	experience-and-portfolio/investment-projects/Carolina Fund Stock Pitch/APA Corporation NasdaqGS APA Financials Income Statement.xls	move-as-bundle	high	Carolina Fund Stock Pitch/	Investment-project evidence and working files.
Carolina Fund Stock Pitch/Carolina Fund NAV/Carnival Cruises-P1.pptx	experience-and-portfolio/investment-projects/Carolina Fund Stock Pitch/Carolina Fund NAV/Carnival Cruises-P1.pptx	move-as-bundle	high	Carolina Fund Stock Pitch/	Investment-project evidence and working files.
Carolina Fund Stock Pitch/Carolina Fund Stock Pitch.pdf	experience-and-portfolio/investment-projects/Carolina Fund Stock Pitch/Carolina Fund Stock Pitch.pdf	move-as-bundle	high	Carolina Fund Stock Pitch/	Investment-project evidence and working files.
Carolina Fund Stock Pitch/DCF 2.xls	experience-and-portfolio/investment-projects/Carolina Fund Stock Pitch/DCF 2.xls	move-as-bundle	high	Carolina Fund Stock Pitch/	Investment-project evidence and working files.
Carolina Fund Stock Pitch/DCF Not Corrupted.xlsx	experience-and-portfolio/investment-projects/Carolina Fund Stock Pitch/DCF Not Corrupted.xlsx	move-as-bundle	high	Carolina Fund Stock Pitch/	Investment-project evidence and working files.
Carolina Fund Stock Pitch/DCF.xls	experience-and-portfolio/investment-projects/Carolina Fund Stock Pitch/DCF.xls	move-as-bundle	high	Carolina Fund Stock Pitch/	Investment-project evidence and working files.
Carolina Fund Stock Pitch/DCF.xlsx	experience-and-portfolio/investment-projects/Carolina Fund Stock Pitch/DCF.xlsx	move-as-bundle	high	Carolina Fund Stock Pitch/	Investment-project evidence and working files.
Carolina Fund Stock Pitch/F9745C40	experience-and-portfolio/investment-projects/Carolina Fund Stock Pitch/F9745C40	move-as-bundle	high	Carolina Fund Stock Pitch/	Investment-project evidence and working files.
Carolina Fund Stock Pitch/HSY/HSY Stock Pitch Final.pptx	experience-and-portfolio/investment-projects/Carolina Fund Stock Pitch/HSY/HSY Stock Pitch Final.pptx	move-as-bundle	high	Carolina Fund Stock Pitch/	Investment-project evidence and working files.
Carolina Fund Stock Pitch/HSY/The Hershey Company NYSE HSY Financials.xls	experience-and-portfolio/investment-projects/Carolina Fund Stock Pitch/HSY/The Hershey Company NYSE HSY Financials.xls	move-as-bundle	high	Carolina Fund Stock Pitch/	Investment-project evidence and working files.
Carolina Fund Stock Pitch/Kimco/CFI-Football-Field-Chart-Template.xlsx	experience-and-portfolio/investment-projects/Carolina Fund Stock Pitch/Kimco/CFI-Football-Field-Chart-Template.xlsx	move-as-bundle	high	Carolina Fund Stock Pitch/	Investment-project evidence and working files.
Carolina Fund Stock Pitch/Kimco/DCF KIMCO.xlsx	experience-and-portfolio/investment-projects/Carolina Fund Stock Pitch/Kimco/DCF KIMCO.xlsx	move-as-bundle	high	Carolina Fund Stock Pitch/	Investment-project evidence and working files.
Carolina Fund Stock Pitch/Kimco/Kimco Realty Corporation NYSE KIM Financials (version 1).xlsx	experience-and-portfolio/investment-projects/Carolina Fund Stock Pitch/Kimco/Kimco Realty Corporation NYSE KIM Financials (version 1).xlsx	move-as-bundle	high	Carolina Fund Stock Pitch/	Investment-project evidence and working files.
Carolina Fund Stock Pitch/Kimco/Kimco Realty Corporation NYSE KIM Financials.xls	experience-and-portfolio/investment-projects/Carolina Fund Stock Pitch/Kimco/Kimco Realty Corporation NYSE KIM Financials.xls	move-as-bundle	high	Carolina Fund Stock Pitch/	Investment-project evidence and working files.
Carolina Fund Stock Pitch/The Hershey Company NYSE HSY Financials Income Statement.xls	experience-and-portfolio/investment-projects/Carolina Fund Stock Pitch/The Hershey Company NYSE HSY Financials Income Statement.xls	move-as-bundle	high	Carolina Fund Stock Pitch/	Investment-project evidence and working files.
Chase Mentor-Mentee/Chase McShane Cover Letter GCC (1).docx	outreach/contacts-and-introductions/Chase Mentor-Mentee/Chase McShane Cover Letter GCC (1).docx	move-as-bundle	medium	Chase Mentor-Mentee/	Relationship/mentorship context appears controlling; verify before move.
Chase Mentor-Mentee/Chase McShane Cover Letter GCC.pdf	outreach/contacts-and-introductions/Chase Mentor-Mentee/Chase McShane Cover Letter GCC.pdf	move-as-bundle	medium	Chase Mentor-Mentee/	Relationship/mentorship context appears controlling; verify before move.
Chase Mentor-Mentee/McShane_Resume.docx	outreach/contacts-and-introductions/Chase Mentor-Mentee/McShane_Resume.docx	move-as-bundle	medium	Chase Mentor-Mentee/	Relationship/mentorship context appears controlling; verify before move.
Citi Interview Prep/400-Finance-Questions.pdf	recruiting/interview-prep/Citi/400-Finance-Questions.pdf	move-as-bundle	high	Citi Interview Prep/	Interview preparation and recording.
Citi Interview Prep/MICROSOFT_20240426_0401.pdf	recruiting/interview-prep/Citi/MICROSOFT_20240426_0401.pdf	move-as-bundle	high	Citi Interview Prep/	Interview preparation and recording.
Citi Interview Prep/SMBC%20SD%20Prep.pdf.pdf	recruiting/interview-prep/Citi/SMBC%20SD%20Prep.pdf.pdf	move-as-bundle	high	Citi Interview Prep/	Interview preparation and recording.
Citi Interview Prep/Wall Stret Prep Guide FIG Q&A.pdf	recruiting/interview-prep/Citi/Wall Stret Prep Guide FIG Q&A.pdf	move-as-bundle	high	Citi Interview Prep/	Interview preparation and recording.
Citi Interview Prep/Yuna Networking Call.m4a	recruiting/interview-prep/Citi/Yuna Networking Call.m4a	move-as-bundle	high	Citi Interview Prep/	Interview preparation and recording.
DB Achieve Essay Draft 3.docx	recruiting/applications/legacy-undergraduate/Deutsche Bank/DB Achieve Essay Draft 3.docx	proposed-move	high	DB Achieve Essay Draft 3.docx	Opportunity-specific application essay.
DB Screenshots/Screenshot 2023-11-28 172413.png	recruiting/applications/legacy-undergraduate/Deutsche Bank/screenshots/Screenshot 2023-11-28 172413.png	move-as-bundle	medium	DB Screenshots/	Likely application evidence; exact program should remain unresolved.
DB Screenshots/Screenshot 2023-11-28 172534.png	recruiting/applications/legacy-undergraduate/Deutsche Bank/screenshots/Screenshot 2023-11-28 172534.png	move-as-bundle	medium	DB Screenshots/	Likely application evidence; exact program should remain unresolved.
DB Screenshots/Screenshot 2023-11-28 172620.png	recruiting/applications/legacy-undergraduate/Deutsche Bank/screenshots/Screenshot 2023-11-28 172620.png	move-as-bundle	medium	DB Screenshots/	Likely application evidence; exact program should remain unresolved.
Darla Headshot.JPG	career-core/profile-assets/Darla Headshot.JPG	proposed-move	high	Darla Headshot.JPG	Professional/profile image candidate.
Email Signature.docx	career-core/profile-assets/Email Signature.docx	proposed-move	high	Email Signature.docx	Reusable professional identity asset.
Finance Friday Panelists.HEIC	outreach/events/Finance Friday/Finance Friday Panelists.HEIC	proposed-move	medium	Finance Friday Panelists.HEIC	Likely event/networking evidence; inspect before move.
Finance Resume Sample.doc	reference-materials/resume-examples/Finance Resume Sample.doc	proposed-move	high	Finance Resume Sample.doc	Reference resume, not Leo's authoritative resume.
Forte Capital Group/Ceros Pre-Hire Form - Leo Goldberg.pdf	experience-and-portfolio/employers/Forte Capital Group/Ceros Pre-Hire Form - Leo Goldberg.pdf	move-as-bundle	high	Forte Capital Group/	Employer/internship documentation.
Forte Capital Group/Ceros Pre-Hire Form 5-18-2023 (5).pdf	experience-and-portfolio/employers/Forte Capital Group/Ceros Pre-Hire Form 5-18-2023 (5).pdf	move-as-bundle	high	Forte Capital Group/	Employer/internship documentation.
Forte Capital Group/Order Confirmation - Pass Perfect.pdf	experience-and-portfolio/employers/Forte Capital Group/Order Confirmation - Pass Perfect.pdf	move-as-bundle	high	Forte Capital Group/	Employer/internship documentation.
GAM & CL/Amerant/Leo Goldberg Cover Letter.docx	recruiting/applications/legacy-undergraduate/GAM-and-cover-letters/Amerant/Leo Goldberg Cover Letter.docx	proposed-move	medium	GAM & CL/	Application-cycle collection; preserve company bundles and review generic guidance separately.
GAM & CL/Amerant/Leo Goldberg Cover Letter.pdf	recruiting/applications/legacy-undergraduate/GAM-and-cover-letters/Amerant/Leo Goldberg Cover Letter.pdf	proposed-move	medium	GAM & CL/	Application-cycle collection; preserve company bundles and review generic guidance separately.
GAM & CL/Barclays/Leo Goldberg Cover Letter.docx	recruiting/applications/legacy-undergraduate/GAM-and-cover-letters/Barclays/Leo Goldberg Cover Letter.docx	proposed-move	medium	GAM & CL/	Application-cycle collection; preserve company bundles and review generic guidance separately.
GAM & CL/Barclays/Leo Goldberg Cover Letter.pdf	recruiting/applications/legacy-undergraduate/GAM-and-cover-letters/Barclays/Leo Goldberg Cover Letter.pdf	proposed-move	medium	GAM & CL/	Application-cycle collection; preserve company bundles and review generic guidance separately.
GAM & CL/Citi Cover Letter/Leo Goldberg Cover Letter New.docx	recruiting/applications/legacy-undergraduate/GAM-and-cover-letters/Citi Cover Letter/Leo Goldberg Cover Letter New.docx	proposed-move	medium	GAM & CL/	Application-cycle collection; preserve company bundles and review generic guidance separately.
GAM & CL/Citi Cover Letter/Leo Goldberg Cover Letter.docx	recruiting/applications/legacy-undergraduate/GAM-and-cover-letters/Citi Cover Letter/Leo Goldberg Cover Letter.docx	proposed-move	medium	GAM & CL/	Application-cycle collection; preserve company bundles and review generic guidance separately.
GAM & CL/Citi Cover Letter/Leo Goldberg Cover Letter.pdf	recruiting/applications/legacy-undergraduate/GAM-and-cover-letters/Citi Cover Letter/Leo Goldberg Cover Letter.pdf	proposed-move	medium	GAM & CL/	Application-cycle collection; preserve company bundles and review generic guidance separately.
GAM & CL/Cover Letter Tips/Screenshot 2023-12-25 163625.png	reference-materials/career-guides/Cover Letter Tips/Screenshot 2023-12-25 163625.png	move-as-bundle	high	GAM & CL/Cover Letter Tips/	Reusable guidance, not one application.
GAM & CL/Deutsche/2025 Capital Markets/Leo Goldberg Cover Letter.docx	recruiting/applications/legacy-undergraduate/GAM-and-cover-letters/Deutsche/2025 Capital Markets/Leo Goldberg Cover Letter.docx	proposed-move	medium	GAM & CL/	Application-cycle collection; preserve company bundles and review generic guidance separately.
GAM & CL/Deutsche/2025 Capital Markets/Leo Goldberg Cover Letter.pdf	recruiting/applications/legacy-undergraduate/GAM-and-cover-letters/Deutsche/2025 Capital Markets/Leo Goldberg Cover Letter.pdf	proposed-move	medium	GAM & CL/	Application-cycle collection; preserve company bundles and review generic guidance separately.
GAM & CL/Deutsche/2025 Corporate Finance Capital Markets/Leo Goldberg Cover Letter.docx	recruiting/applications/legacy-undergraduate/GAM-and-cover-letters/Deutsche/2025 Corporate Finance Capital Markets/Leo Goldberg Cover Letter.docx	proposed-move	medium	GAM & CL/	Application-cycle collection; preserve company bundles and review generic guidance separately.
GAM & CL/Deutsche/2025 Corporate Finance/Leo Goldberg Cover Letter Corporate Finance 2025.docx	recruiting/applications/legacy-undergraduate/GAM-and-cover-letters/Deutsche/2025 Corporate Finance/Leo Goldberg Cover Letter Corporate Finance 2025.docx	proposed-move	medium	GAM & CL/	Application-cycle collection; preserve company bundles and review generic guidance separately.
GAM & CL/Deutsche/2025 Corporate Finance/Leo Goldberg Cover Letter.pdf	recruiting/applications/legacy-undergraduate/GAM-and-cover-letters/Deutsche/2025 Corporate Finance/Leo Goldberg Cover Letter.pdf	proposed-move	medium	GAM & CL/	Application-cycle collection; preserve company bundles and review generic guidance separately.
GAM & CL/Deutsche/DB Achieve FIC Cover Letter/Leo Goldberg Cover Letter 1.docx	recruiting/applications/legacy-undergraduate/GAM-and-cover-letters/Deutsche/DB Achieve FIC Cover Letter/Leo Goldberg Cover Letter 1.docx	proposed-move	medium	GAM & CL/	Application-cycle collection; preserve company bundles and review generic guidance separately.
GAM & CL/Deutsche/DB Achieve FIC Cover Letter/Leo Goldberg Cover Letter Corporate Finance.docx	recruiting/applications/legacy-undergraduate/GAM-and-cover-letters/Deutsche/DB Achieve FIC Cover Letter/Leo Goldberg Cover Letter Corporate Finance.docx	proposed-move	medium	GAM & CL/	Application-cycle collection; preserve company bundles and review generic guidance separately.
GAM & CL/Deutsche/DB Achieve FIC Cover Letter/Leo Goldberg Cover Letter Fixed Income.docx	recruiting/applications/legacy-undergraduate/GAM-and-cover-letters/Deutsche/DB Achieve FIC Cover Letter/Leo Goldberg Cover Letter Fixed Income.docx	proposed-move	medium	GAM & CL/	Application-cycle collection; preserve company bundles and review generic guidance separately.
GAM & CL/Deutsche/DB Achieve FIC Cover Letter/Leo Goldberg Cover Letter.pdf	recruiting/applications/legacy-undergraduate/GAM-and-cover-letters/Deutsche/DB Achieve FIC Cover Letter/Leo Goldberg Cover Letter.pdf	proposed-move	medium	GAM & CL/	Application-cycle collection; preserve company bundles and review generic guidance separately.
GAM & CL/Deutsche/DB Summer 2025 IB/Leo Goldberg Cover Letter Corporate Finance.docx	recruiting/applications/legacy-undergraduate/GAM-and-cover-letters/Deutsche/DB Summer 2025 IB/Leo Goldberg Cover Letter Corporate Finance.docx	proposed-move	medium	GAM & CL/	Application-cycle collection; preserve company bundles and review generic guidance separately.
GAM & CL/Deutsche/DB Summer 2025 IB/Leo Goldberg Cover Letter.pdf	recruiting/applications/legacy-undergraduate/GAM-and-cover-letters/Deutsche/DB Summer 2025 IB/Leo Goldberg Cover Letter.pdf	proposed-move	medium	GAM & CL/	Application-cycle collection; preserve company bundles and review generic guidance separately.
GAM & CL/Deutsche/Db AChieve Essay/DB Achieve Cover Letter Draft 1.docx	recruiting/applications/legacy-undergraduate/GAM-and-cover-letters/Deutsche/Db AChieve Essay/DB Achieve Cover Letter Draft 1.docx	proposed-move	medium	GAM & CL/	Application-cycle collection; preserve company bundles and review generic guidance separately.
GAM & CL/Deutsche/Db AChieve Essay/DB Achieve Diversity Essay.pdf	recruiting/applications/legacy-undergraduate/GAM-and-cover-letters/Deutsche/Db AChieve Essay/DB Achieve Diversity Essay.pdf	proposed-move	medium	GAM & CL/	Application-cycle collection; preserve company bundles and review generic guidance separately.
GAM & CL/Deutsche/Db Achieve IB Cover Letter/Leo Goldberg Cover Letter Corporate Finance SG Edits.pdf	recruiting/applications/legacy-undergraduate/GAM-and-cover-letters/Deutsche/Db Achieve IB Cover Letter/Leo Goldberg Cover Letter Corporate Finance SG Edits.pdf	proposed-move	medium	GAM & CL/	Application-cycle collection; preserve company bundles and review generic guidance separately.
GAM & CL/Deutsche/Db Achieve IB Cover Letter/Leo Goldberg Cover Letter Corporate Finance.docx	recruiting/applications/legacy-undergraduate/GAM-and-cover-letters/Deutsche/Db Achieve IB Cover Letter/Leo Goldberg Cover Letter Corporate Finance.docx	proposed-move	medium	GAM & CL/	Application-cycle collection; preserve company bundles and review generic guidance separately.
GAM & CL/Deutsche/Db Achieve IB Cover Letter/Leo Goldberg Cover Letter.pdf	recruiting/applications/legacy-undergraduate/GAM-and-cover-letters/Deutsche/Db Achieve IB Cover Letter/Leo Goldberg Cover Letter.pdf	proposed-move	medium	GAM & CL/	Application-cycle collection; preserve company bundles and review generic guidance separately.
GAM & CL/Deutsche/Db Achieve Wealth Mgmt Cover Letter/Wealth Management Cover Letter.docx	recruiting/applications/legacy-undergraduate/GAM-and-cover-letters/Deutsche/Db Achieve Wealth Mgmt Cover Letter/Wealth Management Cover Letter.docx	proposed-move	medium	GAM & CL/	Application-cycle collection; preserve company bundles and review generic guidance separately.
GAM & CL/Goldman Sachs/Leo Goldberg Cover Letter.docx	recruiting/applications/legacy-undergraduate/GAM-and-cover-letters/Goldman Sachs/Leo Goldberg Cover Letter.docx	proposed-move	medium	GAM & CL/	Application-cycle collection; preserve company bundles and review generic guidance separately.
GAM & CL/Goldman Sachs/Leo Goldberg Cover Letter.pdf	recruiting/applications/legacy-undergraduate/GAM-and-cover-letters/Goldman Sachs/Leo Goldberg Cover Letter.pdf	proposed-move	medium	GAM & CL/	Application-cycle collection; preserve company bundles and review generic guidance separately.
GAM & CL/Houlihan Lokey/Leo Goldberg Cover Letter.docx	recruiting/applications/legacy-undergraduate/GAM-and-cover-letters/Houlihan Lokey/Leo Goldberg Cover Letter.docx	proposed-move	medium	GAM & CL/	Application-cycle collection; preserve company bundles and review generic guidance separately.
GAM & CL/Houlihan Lokey/Leo Goldberg Cover Letter.pdf	recruiting/applications/legacy-undergraduate/GAM-and-cover-letters/Houlihan Lokey/Leo Goldberg Cover Letter.pdf	proposed-move	medium	GAM & CL/	Application-cycle collection; preserve company bundles and review generic guidance separately.
GAM & CL/JP Morgan MMBSI/Leo Goldberg Cover Letter.docx	recruiting/applications/legacy-undergraduate/GAM-and-cover-letters/JP Morgan MMBSI/Leo Goldberg Cover Letter.docx	proposed-move	medium	GAM & CL/	Application-cycle collection; preserve company bundles and review generic guidance separately.
GAM & CL/JP Morgan MMBSI/Leo Goldberg Cover Letter.pdf	recruiting/applications/legacy-undergraduate/GAM-and-cover-letters/JP Morgan MMBSI/Leo Goldberg Cover Letter.pdf	proposed-move	medium	GAM & CL/	Application-cycle collection; preserve company bundles and review generic guidance separately.
GAM & CL/Jefferies/Jefferies Class of 2026 NY Diversity Symposium/Leo Goldberg Personal Statement.docx	recruiting/applications/legacy-undergraduate/GAM-and-cover-letters/Jefferies/Jefferies Class of 2026 NY Diversity Symposium/Leo Goldberg Personal Statement.docx	proposed-move	medium	GAM & CL/	Application-cycle collection; preserve company bundles and review generic guidance separately.
GAM & CL/KPMG/KPMG paragraph.docx	recruiting/applications/legacy-undergraduate/GAM-and-cover-letters/KPMG/KPMG paragraph.docx	proposed-move	medium	GAM & CL/	Application-cycle collection; preserve company bundles and review generic guidance separately.
GAM & CL/KPMG/Leo Goldberg Statement.pdf	recruiting/applications/legacy-undergraduate/GAM-and-cover-letters/KPMG/Leo Goldberg Statement.pdf	proposed-move	medium	GAM & CL/	Application-cycle collection; preserve company bundles and review generic guidance separately.
GAM & CL/Loop Capital/Leo Goldberg Cover Letter.docx	recruiting/applications/legacy-undergraduate/GAM-and-cover-letters/Loop Capital/Leo Goldberg Cover Letter.docx	proposed-move	medium	GAM & CL/	Application-cycle collection; preserve company bundles and review generic guidance separately.
GAM & CL/Loop Capital/Leo Goldberg Cover Letter.pdf	recruiting/applications/legacy-undergraduate/GAM-and-cover-letters/Loop Capital/Leo Goldberg Cover Letter.pdf	proposed-move	medium	GAM & CL/	Application-cycle collection; preserve company bundles and review generic guidance separately.
GAM & CL/Piper Sandler/Leo Goldberg Cover Letter.docx	recruiting/applications/legacy-undergraduate/GAM-and-cover-letters/Piper Sandler/Leo Goldberg Cover Letter.docx	proposed-move	medium	GAM & CL/	Application-cycle collection; preserve company bundles and review generic guidance separately.
GAM & CL/Piper Sandler/Leo Goldberg Cover Letter.pdf	recruiting/applications/legacy-undergraduate/GAM-and-cover-letters/Piper Sandler/Leo Goldberg Cover Letter.pdf	proposed-move	medium	GAM & CL/	Application-cycle collection; preserve company bundles and review generic guidance separately.
GAM & CL/Raymond James/Leo Goldberg Cover Letter.docx	recruiting/applications/legacy-undergraduate/GAM-and-cover-letters/Raymond James/Leo Goldberg Cover Letter.docx	proposed-move	medium	GAM & CL/	Application-cycle collection; preserve company bundles and review generic guidance separately.
GAM & CL/Raymond James/Leo Goldberg Cover Letter.pdf	recruiting/applications/legacy-undergraduate/GAM-and-cover-letters/Raymond James/Leo Goldberg Cover Letter.pdf	proposed-move	medium	GAM & CL/	Application-cycle collection; preserve company bundles and review generic guidance separately.
GCC WORKSHOP/AEPI Banner for LinkedIn.jpg	education-and-leadership/organizations/GCC Workshop/AEPI Banner for LinkedIn.jpg	move-as-bundle	high	GCC WORKSHOP/	Workshop and organization materials.
GCC WORKSHOP/GCC Workshop Notes.docx	education-and-leadership/organizations/GCC Workshop/GCC Workshop Notes.docx	move-as-bundle	high	GCC WORKSHOP/	Workshop and organization materials.
GCC WORKSHOP/GCC case prep/httpswww.rocketblocks.meblogprofita.txt	education-and-leadership/organizations/GCC Workshop/GCC case prep/httpswww.rocketblocks.meblogprofita.txt	move-as-bundle	high	GCC WORKSHOP/	Workshop and organization materials.
GCC WORKSHOP/IMG_0771.HEIC	education-and-leadership/organizations/GCC Workshop/IMG_0771.HEIC	move-as-bundle	high	GCC WORKSHOP/	Workshop and organization materials.
GCC WORKSHOP/IMG_0772.HEIC	education-and-leadership/organizations/GCC Workshop/IMG_0772.HEIC	move-as-bundle	high	GCC WORKSHOP/	Workshop and organization materials.
GCC WORKSHOP/IMG_0773.HEIC	education-and-leadership/organizations/GCC Workshop/IMG_0773.HEIC	move-as-bundle	high	GCC WORKSHOP/	Workshop and organization materials.
GCC WORKSHOP/IMG_0774.HEIC	education-and-leadership/organizations/GCC Workshop/IMG_0774.HEIC	move-as-bundle	high	GCC WORKSHOP/	Workshop and organization materials.
GCC WORKSHOP/IMG_1641.heic	education-and-leadership/organizations/GCC Workshop/IMG_1641.heic	move-as-bundle	high	GCC WORKSHOP/	Workshop and organization materials.
GCC WORKSHOP/Photo.pdf	education-and-leadership/organizations/GCC Workshop/Photo.pdf	move-as-bundle	high	GCC WORKSHOP/	Workshop and organization materials.
GCC WORKSHOP/Updated Linked In Profile Pic.jpg	education-and-leadership/organizations/GCC Workshop/Updated Linked In Profile Pic.jpg	move-as-bundle	high	GCC WORKSHOP/	Workshop and organization materials.
GCC/2448bc5d89aa475d94241cbeb22c2fe2.webp	education-and-leadership/organizations/GCC/2448bc5d89aa475d94241cbeb22c2fe2.webp	move-as-bundle	high	GCC/	Organization/program materials.
GCC/Behavioral Interview Proof.png	education-and-leadership/organizations/GCC/Behavioral Interview Proof.png	move-as-bundle	high	GCC/	Organization/program materials.
GCC/Caroline Speck LinkedIn Request.png	education-and-leadership/organizations/GCC/Caroline Speck LinkedIn Request.png	move-as-bundle	high	GCC/	Organization/program materials.
GCC/Case Comp/BfE NMO Case Competition.pdf	education-and-leadership/organizations/GCC/Case Comp/BfE NMO Case Competition.pdf	move-as-bundle	high	GCC/	Organization/program materials.
GCC/Cover Letter Template.docx	education-and-leadership/organizations/GCC/Cover Letter Template.docx	move-as-bundle	high	GCC/	Organization/program materials.
GCC/Diego Sosa LinkedIn Request.png	education-and-leadership/organizations/GCC/Diego Sosa LinkedIn Request.png	move-as-bundle	high	GCC/	Organization/program materials.
GCC/Getting a Top Management Consulting Job from USC_ The Definitive.pdf	education-and-leadership/organizations/GCC/Getting a Top Management Consulting Job from USC_ The Definitive.pdf	move-as-bundle	high	GCC/	Organization/program materials.
GCC/Hans Andrian LinkedIn Request.png	education-and-leadership/organizations/GCC/Hans Andrian LinkedIn Request.png	move-as-bundle	high	GCC/	Organization/program materials.
GCC/Hans Questions - Google Docs.pdf	education-and-leadership/organizations/GCC/Hans Questions - Google Docs.pdf	move-as-bundle	high	GCC/	Organization/program materials.
GCC/Informational Interview Notes.pdf	education-and-leadership/organizations/GCC/Informational Interview Notes.pdf	move-as-bundle	high	GCC/	Organization/program materials.
GCC/Jessica Layton Questions - Google Docs.pdf	education-and-leadership/organizations/GCC/Jessica Layton Questions - Google Docs.pdf	move-as-bundle	high	GCC/	Organization/program materials.
GCC/LEO Treasurer Script 2.docx	education-and-leadership/organizations/GCC/LEO Treasurer Script 2.docx	move-as-bundle	high	GCC/	Organization/program materials.
GCC/Leah Mangano LinkedIn Request.png	education-and-leadership/organizations/GCC/Leah Mangano LinkedIn Request.png	move-as-bundle	high	GCC/	Organization/program materials.
GCC/Leo_Goldberg_CoverLetter.pdf	education-and-leadership/organizations/GCC/Leo_Goldberg_CoverLetter.pdf	move-as-bundle	high	GCC/	Organization/program materials.
GCC/LinkedIn Message Request Proof - Leo Goldberg.pdf	education-and-leadership/organizations/GCC/LinkedIn Message Request Proof - Leo Goldberg.pdf	move-as-bundle	high	GCC/	Organization/program materials.
GCC/Maximizing Your Time in College.pdf	education-and-leadership/organizations/GCC/Maximizing Your Time in College.pdf	move-as-bundle	high	GCC/	Organization/program materials.
GCC/Maximizing Your Time in College.xlsx	education-and-leadership/organizations/GCC/Maximizing Your Time in College.xlsx	move-as-bundle	high	GCC/	Organization/program materials.
GCC/Meeting 1 Slides.pdf	education-and-leadership/organizations/GCC/Meeting 1 Slides.pdf	move-as-bundle	high	GCC/	Organization/program materials.
GCC/Onboarding Rules and Expecations.pdf	education-and-leadership/organizations/GCC/Onboarding Rules and Expecations.pdf	move-as-bundle	high	GCC/	Organization/program materials.
GCC/Pic of Onbaording Class & Exec.jpg	education-and-leadership/organizations/GCC/Pic of Onbaording Class & Exec.jpg	move-as-bundle	high	GCC/	Organization/program materials.
GCC/Poorva Questions - Google Docs.pdf	education-and-leadership/organizations/GCC/Poorva Questions - Google Docs.pdf	move-as-bundle	high	GCC/	Organization/program materials.
GCC/Proof of Interview Completion/Aaron invite.png	education-and-leadership/organizations/GCC/Proof of Interview Completion/Aaron invite.png	move-as-bundle	high	GCC/	Organization/program materials.
GCC/Proof of Interview Completion/Behavioral and Case Interview Proof.pdf	education-and-leadership/organizations/GCC/Proof of Interview Completion/Behavioral and Case Interview Proof.pdf	move-as-bundle	high	GCC/	Organization/program materials.
GCC/Proof of Interview Completion/Taahera  invite.png	education-and-leadership/organizations/GCC/Proof of Interview Completion/Taahera  invite.png	move-as-bundle	high	GCC/	Organization/program materials.
GCC/Proof of Interview Completion/Taahera thank you.PNG	education-and-leadership/organizations/GCC/Proof of Interview Completion/Taahera thank you.PNG	move-as-bundle	high	GCC/	Organization/program materials.
GCC/Proof of Interview Completion/thank you letter - aaron.png	education-and-leadership/organizations/GCC/Proof of Interview Completion/thank you letter - aaron.png	move-as-bundle	high	GCC/	Organization/program materials.
GCC/Reviewed Resume Notes GCC.pdf	education-and-leadership/organizations/GCC/Reviewed Resume Notes GCC.pdf	move-as-bundle	high	GCC/	Organization/program materials.
GCC/Screenshot 2023-11-02 122537.png	education-and-leadership/organizations/GCC/Screenshot 2023-11-02 122537.png	move-as-bundle	high	GCC/	Organization/program materials.
GCC/Su Bin Park LinkedIn Request.png	education-and-leadership/organizations/GCC/Su Bin Park LinkedIn Request.png	move-as-bundle	high	GCC/	Organization/program materials.
GCC/Team Penta Slide Deck.pptx	education-and-leadership/organizations/GCC/Team Penta Slide Deck.pptx	move-as-bundle	high	GCC/	Organization/program materials.
GCC/Tyler Beetle LinkedIn Request.png	education-and-leadership/organizations/GCC/Tyler Beetle LinkedIn Request.png	move-as-bundle	high	GCC/	Organization/program materials.
GCC/fish.jpg	education-and-leadership/organizations/GCC/fish.jpg	move-as-bundle	high	GCC/	Organization/program materials.
GCC/maximizing my time in college.pdf	education-and-leadership/organizations/GCC/maximizing my time in college.pdf	move-as-bundle	high	GCC/	Organization/program materials.
GOldman/Screenshot 2024-01-30 163937.png	recruiting/applications/legacy-undergraduate/Goldman Sachs/Screenshot 2024-01-30 163937.png	move-as-bundle	medium	GOldman/	Likely Goldman application evidence; retain original filename.
Grad Recruiting/.DS_Store	legacy-unclassified/system-metadata/Grad Recruiting/.DS_Store	metadata-quarantine	high	[metadata rule]	Finder metadata or Office temporary/lock file; quarantine without treating it as substantive evidence or deleting it.
Grad Recruiting/AI Detector - Trusted AI Checker for ChatGPT, GPT5 & Gemini.png	recruiting/applications/2026-graduate/general-writing-review/AI Detector - Trusted AI Checker for ChatGPT, GPT5 & Gemini.png	proposed-move	high	Grad Recruiting/AI Detector - Trusted AI Checker for ChatGPT, GPT5 & Gemini.png	Screenshot documents an AI-detector review of application-style writing based on Forte Capital experience.
Grad Recruiting/Amex/Leo Goldberg Cover Letter.docx	recruiting/applications/2026-graduate/Amex/Leo Goldberg Cover Letter.docx	proposed-move	medium	Grad Recruiting/	Most content is graduate recruiting, with functional exceptions below.
Grad Recruiting/Amex/Leo Goldberg Cover Letter.pdf	recruiting/applications/2026-graduate/Amex/Leo Goldberg Cover Letter.pdf	proposed-move	medium	Grad Recruiting/	Most content is graduate recruiting, with functional exceptions below.
Grad Recruiting/Axiom Bus. Devlop./.DS_Store	legacy-unclassified/system-metadata/Grad Recruiting/Axiom Bus. Devlop./.DS_Store	metadata-quarantine	high	[metadata rule]	Finder metadata or Office temporary/lock file; quarantine without treating it as substantive evidence or deleting it.
Grad Recruiting/Axiom Bus. Devlop./Leo_Goldberg_Axiom_Cover_Letter.docx	recruiting/applications/2026-graduate/Axiom Bus. Devlop./Leo_Goldberg_Axiom_Cover_Letter.docx	proposed-move	medium	Grad Recruiting/	Most content is graduate recruiting, with functional exceptions below.
Grad Recruiting/BNP Notebook.pdf	experience-and-portfolio/employers/BNP Paribas/BNP Notebook.pdf	proposed-move	medium	Grad Recruiting/BNP Notebook.pdf	Likely internship/employer notes; inspect before physical move.
Grad Recruiting/BNP/.DS_Store	legacy-unclassified/system-metadata/Grad Recruiting/BNP/.DS_Store	metadata-quarantine	high	[metadata rule]	Finder metadata or Office temporary/lock file; quarantine without treating it as substantive evidence or deleting it.
Grad Recruiting/BNP/Interview DOc.docx	recruiting/applications/2026-graduate/BNP/Interview DOc.docx	proposed-move	medium	Grad Recruiting/	Most content is graduate recruiting, with functional exceptions below.
Grad Recruiting/BNP/Interview Questions.docx	recruiting/applications/2026-graduate/BNP/Interview Questions.docx	proposed-move	medium	Grad Recruiting/	Most content is graduate recruiting, with functional exceptions below.
Grad Recruiting/BNP/Role Description.png	recruiting/applications/2026-graduate/BNP/Role Description.png	proposed-move	medium	Grad Recruiting/	Most content is graduate recruiting, with functional exceptions below.
Grad Recruiting/Bloomberg Market Concepts Certificate of Completion.jpg	career-core/certifications/Bloomberg Market Concepts Certificate of Completion.jpg	proposed-move	high	Grad Recruiting/Bloomberg Market Concepts Certificate of Completion.jpg	Reusable certification evidence.
Grad Recruiting/CIBC/Equity Derivative Sales Role Des. .pdf	recruiting/applications/2026-graduate/CIBC/Equity Derivative Sales Role Des. .pdf	proposed-move	medium	Grad Recruiting/	Most content is graduate recruiting, with functional exceptions below.
Grad Recruiting/CIBC/Equity Derivative Sales/Leo Goldberg Cover Letter.docx	recruiting/applications/2026-graduate/CIBC/Equity Derivative Sales/Leo Goldberg Cover Letter.docx	proposed-move	medium	Grad Recruiting/	Most content is graduate recruiting, with functional exceptions below.
Grad Recruiting/CIBC/Equity Derivative Sales/Leo Goldberg Cover Letter.pdf	recruiting/applications/2026-graduate/CIBC/Equity Derivative Sales/Leo Goldberg Cover Letter.pdf	proposed-move	medium	Grad Recruiting/	Most content is graduate recruiting, with functional exceptions below.
Grad Recruiting/CIBC/Equity Derivative Sales/~$o Goldberg Cover Letter.docx	legacy-unclassified/system-metadata/Grad Recruiting/CIBC/Equity Derivative Sales/~$o Goldberg Cover Letter.docx	metadata-quarantine	high	[metadata rule]	Finder metadata or Office temporary/lock file; quarantine without treating it as substantive evidence or deleting it.
Grad Recruiting/CIBC/Leo Goldberg Cover Letter.docx	recruiting/applications/2026-graduate/CIBC/Leo Goldberg Cover Letter.docx	proposed-move	medium	Grad Recruiting/	Most content is graduate recruiting, with functional exceptions below.
Grad Recruiting/CIBC/Leo Goldberg Cover Letter.pdf	recruiting/applications/2026-graduate/CIBC/Leo Goldberg Cover Letter.pdf	proposed-move	medium	Grad Recruiting/	Most content is graduate recruiting, with functional exceptions below.
Grad Recruiting/Certifications/.DS_Store	legacy-unclassified/system-metadata/Grad Recruiting/Certifications/.DS_Store	metadata-quarantine	high	[metadata rule]	Finder metadata or Office temporary/lock file; quarantine without treating it as substantive evidence or deleting it.
Grad Recruiting/Certifications/Bloomberg Market Concepts Certificate of Completion.png	career-core/certifications/Grad Recruiting Imports/Bloomberg Market Concepts Certificate of Completion.png	move-as-bundle	high	Grad Recruiting/Certifications/	Reusable credentials belong in career core.
Grad Recruiting/Certifications/Cintra.png	career-core/certifications/Grad Recruiting Imports/Cintra.png	move-as-bundle	high	Grad Recruiting/Certifications/	Reusable credentials belong in career core.
Grad Recruiting/Certifications/JPEG VERSIONS/Bloomberg Market Concepts Certificate of Completion.jpg	career-core/certifications/Grad Recruiting Imports/JPEG VERSIONS/Bloomberg Market Concepts Certificate of Completion.jpg	move-as-bundle	high	Grad Recruiting/Certifications/	Reusable credentials belong in career core.
Grad Recruiting/Certifications/JPEG VERSIONS/Wall Street Prep Excel Certification.jpg	career-core/certifications/Grad Recruiting Imports/JPEG VERSIONS/Wall Street Prep Excel Certification.jpg	move-as-bundle	high	Grad Recruiting/Certifications/	Reusable credentials belong in career core.
Grad Recruiting/Certifications/PDF/Bloomberg Market Concepts Certificate of Completion.pdf	career-core/certifications/Grad Recruiting Imports/PDF/Bloomberg Market Concepts Certificate of Completion.pdf	move-as-bundle	high	Grad Recruiting/Certifications/	Reusable credentials belong in career core.
Grad Recruiting/Certifications/PDF/Wall Street Prep Excel Certificate of Completion (1).pdf	career-core/certifications/Grad Recruiting Imports/PDF/Wall Street Prep Excel Certificate of Completion (1).pdf	move-as-bundle	high	Grad Recruiting/Certifications/	Reusable credentials belong in career core.
Grad Recruiting/Certifications/Wall Street Prep Excel Certificate of Completion.png	career-core/certifications/Grad Recruiting Imports/Wall Street Prep Excel Certificate of Completion.png	move-as-bundle	high	Grad Recruiting/Certifications/	Reusable credentials belong in career core.
Grad Recruiting/Cintra/Leo Golberg Cover Letter.docx	recruiting/applications/2026-graduate/Cintra/Leo Golberg Cover Letter.docx	proposed-move	medium	Grad Recruiting/	Most content is graduate recruiting, with functional exceptions below.
Grad Recruiting/Cintra/Leo Golberg Cover Letter.pdf	recruiting/applications/2026-graduate/Cintra/Leo Golberg Cover Letter.pdf	proposed-move	medium	Grad Recruiting/	Most content is graduate recruiting, with functional exceptions below.
Grad Recruiting/DHI Mortgage/Leo Goldberg Cover Letter.docx	recruiting/applications/2026-graduate/DHI Mortgage/Leo Goldberg Cover Letter.docx	proposed-move	medium	Grad Recruiting/	Most content is graduate recruiting, with functional exceptions below.
Grad Recruiting/DHI Mortgage/Leo Goldberg Cover Letter.pdf	recruiting/applications/2026-graduate/DHI Mortgage/Leo Goldberg Cover Letter.pdf	proposed-move	medium	Grad Recruiting/	Most content is graduate recruiting, with functional exceptions below.
Grad Recruiting/DTCC.pdf	recruiting/applications/2026-graduate/DTCC/DTCC.pdf	proposed-move	medium	Grad Recruiting/DTCC.pdf	Likely DTCC opportunity-specific material.
Grad Recruiting/DTCC/Leo Goldberg Cover Letter.docx	recruiting/applications/2026-graduate/DTCC/Leo Goldberg Cover Letter.docx	proposed-move	medium	Grad Recruiting/	Most content is graduate recruiting, with functional exceptions below.
Grad Recruiting/DTCC/Leo Goldberg Cover Letter.pdf	recruiting/applications/2026-graduate/DTCC/Leo Goldberg Cover Letter.pdf	proposed-move	medium	Grad Recruiting/	Most content is graduate recruiting, with functional exceptions below.
Grad Recruiting/Fitch Ratings/.DS_Store	legacy-unclassified/system-metadata/Grad Recruiting/Fitch Ratings/.DS_Store	metadata-quarantine	high	[metadata rule]	Finder metadata or Office temporary/lock file; quarantine without treating it as substantive evidence or deleting it.
Grad Recruiting/Fitch Ratings/DTCC Stress Testing & Liquidity Analyst.pdf	recruiting/applications/2026-graduate/Fitch Ratings/DTCC Stress Testing & Liquidity Analyst.pdf	proposed-move	medium	Grad Recruiting/	Most content is graduate recruiting, with functional exceptions below.
Grad Recruiting/Fitch Ratings/Fitch Corp CreditSights Program.pdf	recruiting/applications/2026-graduate/Fitch Ratings/Fitch Corp CreditSights Program.pdf	proposed-move	medium	Grad Recruiting/	Most content is graduate recruiting, with functional exceptions below.
Grad Recruiting/Fitch Ratings/Leo Goldberg Cover Letter CreditSights.pdf	recruiting/applications/2026-graduate/Fitch Ratings/Leo Goldberg Cover Letter CreditSights.pdf	proposed-move	medium	Grad Recruiting/	Most content is graduate recruiting, with functional exceptions below.
Grad Recruiting/Fitch Ratings/Leo Goldberg Cover Letter.docx	recruiting/applications/2026-graduate/Fitch Ratings/Leo Goldberg Cover Letter.docx	proposed-move	medium	Grad Recruiting/	Most content is graduate recruiting, with functional exceptions below.
Grad Recruiting/Fitch Ratings/Leo Goldberg Cover Letter.pdf	recruiting/applications/2026-graduate/Fitch Ratings/Leo Goldberg Cover Letter.pdf	proposed-move	medium	Grad Recruiting/	Most content is graduate recruiting, with functional exceptions below.
Grad Recruiting/General Apps Full Details/.DS_Store	legacy-unclassified/system-metadata/Grad Recruiting/General Apps Full Details/.DS_Store	metadata-quarantine	high	[metadata rule]	Finder metadata or Office temporary/lock file; quarantine without treating it as substantive evidence or deleting it.
Grad Recruiting/General Apps Full Details/2026 April - Financial Advisor Development Program - Tampa | UBS Job Board for Graduates.png	recruiting/applications/2026-graduate/General Apps Full Details/2026 April - Financial Advisor Development Program - Tampa | UBS Job Board for Graduates.png	proposed-move	medium	Grad Recruiting/	Most content is graduate recruiting, with functional exceptions below.
Grad Recruiting/General Apps Full Details/Ardian Primaries & Secondaries Analyst.png	recruiting/applications/2026-graduate/General Apps Full Details/Ardian Primaries & Secondaries Analyst.png	proposed-move	medium	Grad Recruiting/	Most content is graduate recruiting, with functional exceptions below.
Grad Recruiting/General Apps Full Details/Associate Analyst Program, Fitch Ratings, New York - July 2026 _ Fitch Ratings _ LinkedIn.pdf	recruiting/applications/2026-graduate/General Apps Full Details/Associate Analyst Program, Fitch Ratings, New York - July 2026 _ Fitch Ratings _ LinkedIn.pdf	proposed-move	medium	Grad Recruiting/	Most content is graduate recruiting, with functional exceptions below.
Grad Recruiting/General Apps Full Details/Axiom business development.png	recruiting/applications/2026-graduate/General Apps Full Details/Axiom business development.png	proposed-move	medium	Grad Recruiting/	Most content is graduate recruiting, with functional exceptions below.
Grad Recruiting/General Apps Full Details/BMO Credit Analyst.pdf	recruiting/applications/2026-graduate/General Apps Full Details/BMO Credit Analyst.pdf	proposed-move	medium	Grad Recruiting/	Most content is graduate recruiting, with functional exceptions below.
Grad Recruiting/General Apps Full Details/Capital Markets Research JLL.pdf	recruiting/applications/2026-graduate/General Apps Full Details/Capital Markets Research JLL.pdf	proposed-move	medium	Grad Recruiting/	Most content is graduate recruiting, with functional exceptions below.
Grad Recruiting/General Apps Full Details/Cintra.png	recruiting/applications/2026-graduate/General Apps Full Details/Cintra.png	proposed-move	medium	Grad Recruiting/	Most content is graduate recruiting, with functional exceptions below.
Grad Recruiting/General Apps Full Details/Corporate Banking Citi.png	recruiting/applications/2026-graduate/General Apps Full Details/Corporate Banking Citi.png	proposed-move	medium	Grad Recruiting/	Most content is graduate recruiting, with functional exceptions below.
Grad Recruiting/General Apps Full Details/Corporate Banking Relationship Manager - Analyst at Santander Holdings USA Inc.pdf	recruiting/applications/2026-graduate/General Apps Full Details/Corporate Banking Relationship Manager - Analyst at Santander Holdings USA Inc.pdf	proposed-move	medium	Grad Recruiting/	Most content is graduate recruiting, with functional exceptions below.
Grad Recruiting/General Apps Full Details/DB/DB Cover Letter.docx	recruiting/applications/2026-graduate/General Apps Full Details/DB/DB Cover Letter.docx	proposed-move	medium	Grad Recruiting/	Most content is graduate recruiting, with functional exceptions below.
Grad Recruiting/General Apps Full Details/DB/Leo Goldberg Cover Letter.pdf	recruiting/applications/2026-graduate/General Apps Full Details/DB/Leo Goldberg Cover Letter.pdf	proposed-move	medium	Grad Recruiting/	Most content is graduate recruiting, with functional exceptions below.
Grad Recruiting/General Apps Full Details/DB/Leo_Goldberg_Cover_Letter_DeutscheBank.docx	recruiting/applications/2026-graduate/General Apps Full Details/DB/Leo_Goldberg_Cover_Letter_DeutscheBank.docx	proposed-move	medium	Grad Recruiting/	Most content is graduate recruiting, with functional exceptions below.
Grad Recruiting/General Apps Full Details/Deutsche Bank | Deutsche Bank Graduate Program – Private Bank – Wealth Management – New York – 2026Y.png	recruiting/applications/2026-graduate/General Apps Full Details/Deutsche Bank | Deutsche Bank Graduate Program – Private Bank – Wealth Management – New York – 2026Y.png	proposed-move	medium	Grad Recruiting/	Most content is graduate recruiting, with functional exceptions below.
Grad Recruiting/General Apps Full Details/Fitch Rating Analyst Program.pdf	recruiting/applications/2026-graduate/General Apps Full Details/Fitch Rating Analyst Program.pdf	proposed-move	medium	Grad Recruiting/	Most content is graduate recruiting, with functional exceptions below.
Grad Recruiting/General Apps Full Details/Job Descriptions/AMEX Debit Payments Consulting.pdf	recruiting/applications/2026-graduate/General Apps Full Details/Job Descriptions/AMEX Debit Payments Consulting.pdf	proposed-move	medium	Grad Recruiting/	Most content is graduate recruiting, with functional exceptions below.
Grad Recruiting/General Apps Full Details/Job Descriptions/BMO Corp Banking Finance.pdf	recruiting/applications/2026-graduate/General Apps Full Details/Job Descriptions/BMO Corp Banking Finance.pdf	proposed-move	medium	Grad Recruiting/	Most content is graduate recruiting, with functional exceptions below.
Grad Recruiting/General Apps Full Details/Job Descriptions/CIBC Corporate Banking.pdf	recruiting/applications/2026-graduate/General Apps Full Details/Job Descriptions/CIBC Corporate Banking.pdf	proposed-move	medium	Grad Recruiting/	Most content is graduate recruiting, with functional exceptions below.
Grad Recruiting/General Apps Full Details/Job Descriptions/DHI Mortgage Capital Markets Junior Trader.pdf	recruiting/applications/2026-graduate/General Apps Full Details/Job Descriptions/DHI Mortgage Capital Markets Junior Trader.pdf	proposed-move	medium	Grad Recruiting/	Most content is graduate recruiting, with functional exceptions below.
Grad Recruiting/General Apps Full Details/Job Descriptions/Financial Analyst Raymond James.pdf	recruiting/applications/2026-graduate/General Apps Full Details/Job Descriptions/Financial Analyst Raymond James.pdf	proposed-move	medium	Grad Recruiting/	Most content is graduate recruiting, with functional exceptions below.
Grad Recruiting/General Apps Full Details/Job Descriptions/Fund Finance SMBC.pdf	recruiting/applications/2026-graduate/General Apps Full Details/Job Descriptions/Fund Finance SMBC.pdf	proposed-move	medium	Grad Recruiting/	Most content is graduate recruiting, with functional exceptions below.
Grad Recruiting/General Apps Full Details/Job Descriptions/Global Markets Analyst RBC.pdf	recruiting/applications/2026-graduate/General Apps Full Details/Job Descriptions/Global Markets Analyst RBC.pdf	proposed-move	medium	Grad Recruiting/	Most content is graduate recruiting, with functional exceptions below.
Grad Recruiting/General Apps Full Details/Job Descriptions/MS High Yield Research.pdf	recruiting/applications/2026-graduate/General Apps Full Details/Job Descriptions/MS High Yield Research.pdf	proposed-move	medium	Grad Recruiting/	Most content is graduate recruiting, with functional exceptions below.
Grad Recruiting/General Apps Full Details/Job Descriptions/RBC Capital Markets.pdf	recruiting/applications/2026-graduate/General Apps Full Details/Job Descriptions/RBC Capital Markets.pdf	proposed-move	medium	Grad Recruiting/	Most content is graduate recruiting, with functional exceptions below.
Grad Recruiting/General Apps Full Details/Job Descriptions/SMBC Fund Finance.pdf	recruiting/applications/2026-graduate/General Apps Full Details/Job Descriptions/SMBC Fund Finance.pdf	proposed-move	medium	Grad Recruiting/	Most content is graduate recruiting, with functional exceptions below.
Grad Recruiting/General Apps Full Details/Job Descriptions/Scotia Bank Derivative Product Group Analyst specialist.pdf	recruiting/applications/2026-graduate/General Apps Full Details/Job Descriptions/Scotia Bank Derivative Product Group Analyst specialist.pdf	proposed-move	medium	Grad Recruiting/	Most content is graduate recruiting, with functional exceptions below.
Grad Recruiting/General Apps Full Details/KKR (Global Atlantic) Institutional Markets.png	recruiting/applications/2026-graduate/General Apps Full Details/KKR (Global Atlantic) Institutional Markets.png	proposed-move	medium	Grad Recruiting/	Most content is graduate recruiting, with functional exceptions below.
Grad Recruiting/General Apps Full Details/KKR Institutional Markets.png	recruiting/applications/2026-graduate/General Apps Full Details/KKR Institutional Markets.png	proposed-move	medium	Grad Recruiting/	Most content is graduate recruiting, with functional exceptions below.
Grad Recruiting/General Apps Full Details/Marsh McLennan Insurance -- Tax Optimizaiton M&A/Insurance Associate - Yacht Division _ Marsh McLennan Agency _ LinkedIn.pdf	recruiting/applications/2026-graduate/General Apps Full Details/Marsh McLennan Insurance -- Tax Optimizaiton M&A/Insurance Associate - Yacht Division _ Marsh McLennan Agency _ LinkedIn.pdf	proposed-move	medium	Grad Recruiting/	Most content is graduate recruiting, with functional exceptions below.
Grad Recruiting/General Apps Full Details/NYU Investment Analysis.pdf	recruiting/applications/2026-graduate/General Apps Full Details/NYU Investment Analysis.pdf	proposed-move	medium	Grad Recruiting/	Most content is graduate recruiting, with functional exceptions below.
Grad Recruiting/General Apps Full Details/Point 72 Markets.png	recruiting/applications/2026-graduate/General Apps Full Details/Point 72 Markets.png	proposed-move	medium	Grad Recruiting/	Most content is graduate recruiting, with functional exceptions below.
Grad Recruiting/General Apps Full Details/Raymond James Structured Products.pdf	recruiting/applications/2026-graduate/General Apps Full Details/Raymond James Structured Products.pdf	proposed-move	medium	Grad Recruiting/	Most content is graduate recruiting, with functional exceptions below.
Grad Recruiting/General Apps Full Details/SMBC All Desks Overview.pdf	recruiting/applications/2026-graduate/General Apps Full Details/SMBC All Desks Overview.pdf	proposed-move	medium	Grad Recruiting/	Most content is graduate recruiting, with functional exceptions below.
Grad Recruiting/General Apps Full Details/SMBC | 2026 Analyst Program – Debt Capital MarketsYello Enterprise.png	recruiting/applications/2026-graduate/General Apps Full Details/SMBC | 2026 Analyst Program – Debt Capital MarketsYello Enterprise.png	proposed-move	medium	Grad Recruiting/	Most content is graduate recruiting, with functional exceptions below.
Grad Recruiting/General Apps Full Details/Santander FX Corp sales analyst.pdf	recruiting/applications/2026-graduate/General Apps Full Details/Santander FX Corp sales analyst.pdf	proposed-move	medium	Grad Recruiting/	Most content is graduate recruiting, with functional exceptions below.
Grad Recruiting/General Apps Full Details/Scotia bank corp bank analyst.pdf	recruiting/applications/2026-graduate/General Apps Full Details/Scotia bank corp bank analyst.pdf	proposed-move	medium	Grad Recruiting/	Most content is graduate recruiting, with functional exceptions below.
Grad Recruiting/General Apps Full Details/Sony Music - The Orchard.pdf	recruiting/applications/2026-graduate/General Apps Full Details/Sony Music - The Orchard.pdf	proposed-move	medium	Grad Recruiting/	Most content is graduate recruiting, with functional exceptions below.
Grad Recruiting/General Apps Full Details/VRC Portfolio Valuation.pdf	recruiting/applications/2026-graduate/General Apps Full Details/VRC Portfolio Valuation.pdf	proposed-move	medium	Grad Recruiting/	Most content is graduate recruiting, with functional exceptions below.
Grad Recruiting/General Apps Full Details/Voya Entry Level Asset Aanalyst.pdf	recruiting/applications/2026-graduate/General Apps Full Details/Voya Entry Level Asset Aanalyst.pdf	proposed-move	medium	Grad Recruiting/	Most content is graduate recruiting, with functional exceptions below.
Grad Recruiting/General Apps Full Details/santander corp banking .pdf	recruiting/applications/2026-graduate/General Apps Full Details/santander corp banking .pdf	proposed-move	medium	Grad Recruiting/	Most content is graduate recruiting, with functional exceptions below.
Grad Recruiting/IMG_2447.png	experience-and-portfolio/volunteering/Barcelona English Teaching/IMG_2447.png	proposed-move	high	Grad Recruiting/IMG_2447.png	Photo shows Leo volunteering with elementary-school English learners during study abroad.
Grad Recruiting/JPMC/Leo Goldberg Cover Letter.docx	recruiting/applications/2026-graduate/JPMC/Leo Goldberg Cover Letter.docx	proposed-move	medium	Grad Recruiting/	Most content is graduate recruiting, with functional exceptions below.
Grad Recruiting/JPMC/Leo Goldberg Cover Letter.pdf	recruiting/applications/2026-graduate/JPMC/Leo Goldberg Cover Letter.pdf	proposed-move	medium	Grad Recruiting/	Most content is graduate recruiting, with functional exceptions below.
Grad Recruiting/KKR/.DS_Store	legacy-unclassified/system-metadata/Grad Recruiting/KKR/.DS_Store	metadata-quarantine	high	[metadata rule]	Finder metadata or Office temporary/lock file; quarantine without treating it as substantive evidence or deleting it.
Grad Recruiting/KKR/Cover Lettah/Goldberg,Leo.pdf	recruiting/applications/2026-graduate/KKR/Cover Lettah/Goldberg,Leo.pdf	proposed-move	medium	Grad Recruiting/	Most content is graduate recruiting, with functional exceptions below.
Grad Recruiting/KKR/Leo Goldberg Cover Letter.docx	recruiting/applications/2026-graduate/KKR/Leo Goldberg Cover Letter.docx	proposed-move	medium	Grad Recruiting/	Most content is graduate recruiting, with functional exceptions below.
Grad Recruiting/KKR/Leo_Goldberg_KKR_DCM_Cover_Letter.docx	recruiting/applications/2026-graduate/KKR/Leo_Goldberg_KKR_DCM_Cover_Letter.docx	proposed-move	medium	Grad Recruiting/	Most content is graduate recruiting, with functional exceptions below.
Grad Recruiting/KKR/Resume/Leo Goldberg Resume.pdf	recruiting/applications/2026-graduate/KKR/Resume/Leo Goldberg Resume.pdf	proposed-move	medium	Grad Recruiting/	Most content is graduate recruiting, with functional exceptions below.
Grad Recruiting/Leo Goldberg - Unofficial Transcript.pdf	career-core/transcripts/Leo Goldberg - Unofficial Transcript.pdf	proposed-move	high	Grad Recruiting/Leo Goldberg - Unofficial Transcript.pdf	Reusable transcript evidence.
Grad Recruiting/Leo Goldberg Cover Letter.docx	recruiting/applications/2026-graduate/CIBC/Loan Syndication/Leo Goldberg Cover Letter.docx	proposed-move	high	Grad Recruiting/Leo Goldberg Cover Letter.docx	Content identifies CIBC US Analyst/Associate, Loan Syndication.
Grad Recruiting/Leo Goldberg Cover Letter.pdf	recruiting/applications/2026-graduate/Goldman Sachs/Global Banking and Markets FICC and Equities/Leo Goldberg Cover Letter.pdf	proposed-move	high	Grad Recruiting/Leo Goldberg Cover Letter.pdf	Content identifies the Goldman Sachs New Analyst Program in Global Banking and Markets FICC and Equities.
Grad Recruiting/Leo Goldberg Resume New York 2.docx	career-core/resumes/grad-recruiting/root-imports/Leo Goldberg Resume New York 2.docx	proposed-move	medium	Grad Recruiting/Leo Goldberg Resume New York 2.docx	Reusable resume version; audience and authority unresolved.
Grad Recruiting/Leo Goldberg Resume New York.docx	career-core/resumes/grad-recruiting/root-imports/Leo Goldberg Resume New York.docx	proposed-move	medium	Grad Recruiting/Leo Goldberg Resume New York.docx	Reusable resume version; audience and authority unresolved.
Grad Recruiting/Leo Goldberg Resume.pdf	career-core/resumes/grad-recruiting/root-imports/Leo Goldberg Resume.pdf	proposed-move	medium	Grad Recruiting/Leo Goldberg Resume.pdf	Reusable resume version; audience and authority unresolved.
Grad Recruiting/Leo Goldberg Transcript.pdf	career-core/transcripts/grad-recruiting/Leo Goldberg Transcript.pdf	proposed-move	medium	Grad Recruiting/Leo Goldberg Transcript.pdf	Reusable transcript candidate; currency unresolved. Separate path preserves provenance from the root copy.
Grad Recruiting/Leo Letter.docx	recruiting/interview-prep/role-interest-statements/Sales and Trading/Leo Letter.docx	proposed-move	high	Grad Recruiting/Leo Letter.docx	Narrative explains Leo's interest in the sales side of Sales and Trading; no specific employer or submission is named.
Grad Recruiting/Leo Letter.pdf	recruiting/interview-prep/role-interest-statements/Sales and Trading/Leo Letter.pdf	proposed-move	high	Grad Recruiting/Leo Letter.pdf	PDF counterpart of the Sales and Trading role-interest narrative.
Grad Recruiting/Leo_Goldberg_Cover_Letter_USBank.docx	recruiting/applications/2026-graduate/US Bank/Leo_Goldberg_Cover_Letter_USBank.docx	proposed-move	high	Grad Recruiting/Leo_Goldberg_Cover_Letter_USBank.docx	Opportunity-specific cover letter.
Grad Recruiting/MUFG/Description Growth and Middle market banking.pdf	recruiting/applications/2026-graduate/MUFG/Description Growth and Middle market banking.pdf	proposed-move	medium	Grad Recruiting/	Most content is graduate recruiting, with functional exceptions below.
Grad Recruiting/Manhattan Associates/.DS_Store	legacy-unclassified/system-metadata/Grad Recruiting/Manhattan Associates/.DS_Store	metadata-quarantine	high	[metadata rule]	Finder metadata or Office temporary/lock file; quarantine without treating it as substantive evidence or deleting it.
Grad Recruiting/Manhattan Associates/Interviw Prep Behaviorals.docx	recruiting/applications/2026-graduate/Manhattan Associates/Interviw Prep Behaviorals.docx	proposed-move	medium	Grad Recruiting/	Most content is graduate recruiting, with functional exceptions below.
Grad Recruiting/Manhattan Associates/Leo_Interview_Prep_Behaviorals.docx	recruiting/applications/2026-graduate/Manhattan Associates/Leo_Interview_Prep_Behaviorals.docx	proposed-move	medium	Grad Recruiting/	Most content is graduate recruiting, with functional exceptions below.
Grad Recruiting/Manhattan Associates/Manhattan Associates Virtual Interviewing (Interviewee Tips).docx	recruiting/applications/2026-graduate/Manhattan Associates/Manhattan Associates Virtual Interviewing (Interviewee Tips).docx	proposed-move	medium	Grad Recruiting/	Most content is graduate recruiting, with functional exceptions below.
Grad Recruiting/Manhattan Associates/Role Description - Workday.pdf	recruiting/applications/2026-graduate/Manhattan Associates/Role Description - Workday.pdf	proposed-move	medium	Grad Recruiting/	Most content is graduate recruiting, with functional exceptions below.
Grad Recruiting/Manhattan Associates/Services Consultant Job Description.docx	recruiting/applications/2026-graduate/Manhattan Associates/Services Consultant Job Description.docx	proposed-move	medium	Grad Recruiting/	Most content is graduate recruiting, with functional exceptions below.
Grad Recruiting/Manhattan Associates/Techincals Practice.docx	recruiting/applications/2026-graduate/Manhattan Associates/Techincals Practice.docx	proposed-move	medium	Grad Recruiting/	Most content is graduate recruiting, with functional exceptions below.
Grad Recruiting/Masa/4 days a week elementary school.docx	recruiting/applications/2026-graduate/Masa/4 days a week elementary school.docx	proposed-move	medium	Grad Recruiting/	Most content is graduate recruiting, with functional exceptions below.
Grad Recruiting/Master Applications.xlsx	recruiting/trackers/Master Applications.xlsx	proposed-move	high	Grad Recruiting/Master Applications.xlsx	Candidate application tracker; authority remains unresolved.
Grad Recruiting/Master Netoworking.xlsx	recruiting/trackers/Master Netoworking.xlsx	proposed-move	high	Grad Recruiting/Master Netoworking.xlsx	Candidate networking tracker; preserve original spelling in first move.
Grad Recruiting/Master Recruiting.xlsx	recruiting/trackers/Master Recruiting.xlsx	proposed-move	high	Grad Recruiting/Master Recruiting.xlsx	Candidate combined tracker; authority remains unresolved.
Grad Recruiting/Peer Tutor Cover Letter/Leo Goldberg Cover Letter.docx	recruiting/applications/2026-graduate/Peer Tutor Cover Letter/Leo Goldberg Cover Letter.docx	proposed-move	medium	Grad Recruiting/	Most content is graduate recruiting, with functional exceptions below.
Grad Recruiting/Peer Tutor Cover Letter/Leo Goldberg Cover Letter.pdf	recruiting/applications/2026-graduate/Peer Tutor Cover Letter/Leo Goldberg Cover Letter.pdf	proposed-move	medium	Grad Recruiting/	Most content is graduate recruiting, with functional exceptions below.
Grad Recruiting/Peer Tutor Cover Letter/Leo Goldberg References.pdf	recruiting/applications/2026-graduate/Peer Tutor Cover Letter/Leo Goldberg References.pdf	proposed-move	medium	Grad Recruiting/	Most content is graduate recruiting, with functional exceptions below.
Grad Recruiting/Personal Statement Sophia.pdf	reference-materials/personal-statement-examples/Personal Statement Sophia.pdf	proposed-move	high	Grad Recruiting/Personal Statement Sophia.pdf	Two-page Finance Scholars personal-statement example belonging to Sophia McCoy; reference material, not Leo's statement.
Grad Recruiting/RBC/.DS_Store	legacy-unclassified/system-metadata/Grad Recruiting/RBC/.DS_Store	metadata-quarantine	high	[metadata rule]	Finder metadata or Office temporary/lock file; quarantine without treating it as substantive evidence or deleting it.
Grad Recruiting/RBC/Global Markets Analyst/Leo Goldberg Cover Letter.docx	recruiting/applications/2026-graduate/RBC/Global Markets Analyst/Leo Goldberg Cover Letter.docx	proposed-move	medium	Grad Recruiting/	Most content is graduate recruiting, with functional exceptions below.
Grad Recruiting/RBC/Global Markets Analyst/Leo Goldberg Cover Letter.pdf	recruiting/applications/2026-graduate/RBC/Global Markets Analyst/Leo Goldberg Cover Letter.pdf	proposed-move	medium	Grad Recruiting/	Most content is graduate recruiting, with functional exceptions below.
Grad Recruiting/RBC/Leo Goldberg Cover Letter.docx	recruiting/applications/2026-graduate/RBC/Leo Goldberg Cover Letter.docx	proposed-move	medium	Grad Recruiting/	Most content is graduate recruiting, with functional exceptions below.
Grad Recruiting/RBC/Leo Goldberg Cover Letter.pdf	recruiting/applications/2026-graduate/RBC/Leo Goldberg Cover Letter.pdf	proposed-move	medium	Grad Recruiting/	Most content is graduate recruiting, with functional exceptions below.
Grad Recruiting/Resume/.DS_Store	legacy-unclassified/system-metadata/Grad Recruiting/Resume/.DS_Store	metadata-quarantine	high	[metadata rule]	Finder metadata or Office temporary/lock file; quarantine without treating it as substantive evidence or deleting it.
Grad Recruiting/Resume/Banking : Finance /Leo Goldberg Resume.docx	career-core/resumes/grad-recruiting/Banking : Finance /Leo Goldberg Resume.docx	move-as-bundle	high	Grad Recruiting/Resume/	Reusable resume-version area.
Grad Recruiting/Resume/Banking : Finance /Leo Goldberg Resume.pdf	career-core/resumes/grad-recruiting/Banking : Finance /Leo Goldberg Resume.pdf	move-as-bundle	high	Grad Recruiting/Resume/	Reusable resume-version area.
Grad Recruiting/Resume/BayFirst/.DS_Store	legacy-unclassified/system-metadata/Grad Recruiting/Resume/BayFirst/.DS_Store	metadata-quarantine	high	[metadata rule]	Finder metadata or Office temporary/lock file; quarantine without treating it as substantive evidence or deleting it.
Grad Recruiting/Resume/BayFirst/New/.DS_Store	legacy-unclassified/system-metadata/Grad Recruiting/Resume/BayFirst/New/.DS_Store	metadata-quarantine	high	[metadata rule]	Finder metadata or Office temporary/lock file; quarantine without treating it as substantive evidence or deleting it.
Grad Recruiting/Resume/BayFirst/New/Leo Goldberg Resume.docx	career-core/resumes/grad-recruiting/BayFirst/New/Leo Goldberg Resume.docx	move-as-bundle	high	Grad Recruiting/Resume/	Reusable resume-version area.
Grad Recruiting/Resume/BayFirst/New/Leo Goldberg Resume.pdf	career-core/resumes/grad-recruiting/BayFirst/New/Leo Goldberg Resume.pdf	move-as-bundle	high	Grad Recruiting/Resume/	Reusable resume-version area.
Grad Recruiting/Resume/BayFirst/New/Pyschology Today Profile Recomendation.pdf	career-core/resumes/grad-recruiting/BayFirst/New/Pyschology Today Profile Recomendation.pdf	move-as-bundle	high	Grad Recruiting/Resume/	Reusable resume-version area.
Grad Recruiting/Resume/BayFirst/Old/Leo Goldberg Resume (claude).docx	career-core/resumes/grad-recruiting/BayFirst/Old/Leo Goldberg Resume (claude).docx	move-as-bundle	high	Grad Recruiting/Resume/	Reusable resume-version area.
Grad Recruiting/Resume/BayFirst/Old/Leo Goldberg Resume (updated bullets).docx	career-core/resumes/grad-recruiting/BayFirst/Old/Leo Goldberg Resume (updated bullets).docx	move-as-bundle	high	Grad Recruiting/Resume/	Reusable resume-version area.
Grad Recruiting/Resume/BayFirst/Old/Leo Goldberg Resume (updated).docx	career-core/resumes/grad-recruiting/BayFirst/Old/Leo Goldberg Resume (updated).docx	move-as-bundle	high	Grad Recruiting/Resume/	Reusable resume-version area.
Grad Recruiting/Resume/BayFirst/Old/Leo Goldberg Resume .docx	career-core/resumes/grad-recruiting/BayFirst/Old/Leo Goldberg Resume .docx	move-as-bundle	high	Grad Recruiting/Resume/	Reusable resume-version area.
Grad Recruiting/Resume/BayFirst/~$o Goldberg Resume .docx	legacy-unclassified/system-metadata/Grad Recruiting/Resume/BayFirst/~$o Goldberg Resume .docx	metadata-quarantine	high	[metadata rule]	Finder metadata or Office temporary/lock file; quarantine without treating it as substantive evidence or deleting it.
Grad Recruiting/Resume/Consulting/Leo Goldberg Resume.docx	career-core/resumes/grad-recruiting/Consulting/Leo Goldberg Resume.docx	move-as-bundle	high	Grad Recruiting/Resume/	Reusable resume-version area.
Grad Recruiting/Resume/Consulting/Leo Goldberg Resume.pdf	career-core/resumes/grad-recruiting/Consulting/Leo Goldberg Resume.pdf	move-as-bundle	high	Grad Recruiting/Resume/	Reusable resume-version area.
Grad Recruiting/Resume/Consulting/Resume General.pdf	career-core/resumes/grad-recruiting/Consulting/Resume General.pdf	move-as-bundle	high	Grad Recruiting/Resume/	Reusable resume-version area.
Grad Recruiting/Resume/Leo Goldberg Resume Chat	career-core/resumes/grad-recruiting/Leo Goldberg Resume Chat	move-as-bundle	high	Grad Recruiting/Resume/	Reusable resume-version area.
Grad Recruiting/Resume/Leo Goldberg Resume Chat 2	career-core/resumes/grad-recruiting/Leo Goldberg Resume Chat 2	move-as-bundle	high	Grad Recruiting/Resume/	Reusable resume-version area.
Grad Recruiting/Resume/Other/Leo Goldberg Resume (old b ut good) .pdf	career-core/resumes/grad-recruiting/Other/Leo Goldberg Resume (old b ut good) .pdf	move-as-bundle	high	Grad Recruiting/Resume/	Reusable resume-version area.
Grad Recruiting/Resume/Other/Leo Goldberg Resume 19 Back Up.docx	career-core/resumes/grad-recruiting/Other/Leo Goldberg Resume 19 Back Up.docx	move-as-bundle	high	Grad Recruiting/Resume/	Reusable resume-version area.
Grad Recruiting/Resume/Other/Leo Goldberg Resume 20.docx	career-core/resumes/grad-recruiting/Other/Leo Goldberg Resume 20.docx	move-as-bundle	high	Grad Recruiting/Resume/	Reusable resume-version area.
Grad Recruiting/Resume/Other/Leo Goldberg Resume 21.docx	career-core/resumes/grad-recruiting/Other/Leo Goldberg Resume 21.docx	move-as-bundle	high	Grad Recruiting/Resume/	Reusable resume-version area.
Grad Recruiting/Resume/Other/Leo Goldberg Resume 22.docx	career-core/resumes/grad-recruiting/Other/Leo Goldberg Resume 22.docx	move-as-bundle	high	Grad Recruiting/Resume/	Reusable resume-version area.
Grad Recruiting/Resume/Other/Leo Goldberg Resume 23.docx	career-core/resumes/grad-recruiting/Other/Leo Goldberg Resume 23.docx	move-as-bundle	high	Grad Recruiting/Resume/	Reusable resume-version area.
Grad Recruiting/Resume/Other/Leo Goldberg Resume 23.txt	career-core/resumes/grad-recruiting/Other/Leo Goldberg Resume 23.txt	move-as-bundle	high	Grad Recruiting/Resume/	Reusable resume-version area.
Grad Recruiting/Resume/Other/Leo Goldberg Resume 24.docx	career-core/resumes/grad-recruiting/Other/Leo Goldberg Resume 24.docx	move-as-bundle	high	Grad Recruiting/Resume/	Reusable resume-version area.
Grad Recruiting/Resume/Other/Leo Goldberg Resume Final Hopefully.docx	career-core/resumes/grad-recruiting/Other/Leo Goldberg Resume Final Hopefully.docx	move-as-bundle	high	Grad Recruiting/Resume/	Reusable resume-version area.
Grad Recruiting/Resume/Other/Leo Goldberg Resume Final Hopefully.pdf	career-core/resumes/grad-recruiting/Other/Leo Goldberg Resume Final Hopefully.pdf	move-as-bundle	high	Grad Recruiting/Resume/	Reusable resume-version area.
Grad Recruiting/Resume/Other/Leo Goldberg Resume Updated.pdf	career-core/resumes/grad-recruiting/Other/Leo Goldberg Resume Updated.pdf	move-as-bundle	high	Grad Recruiting/Resume/	Reusable resume-version area.
Grad Recruiting/Resume/Other/Leo Goldberg Resume Wrapped fixed bullets.pdf	career-core/resumes/grad-recruiting/Other/Leo Goldberg Resume Wrapped fixed bullets.pdf	move-as-bundle	high	Grad Recruiting/Resume/	Reusable resume-version area.
Grad Recruiting/Resume/Other/Leo Goldberg Resume Wrapped.docx	career-core/resumes/grad-recruiting/Other/Leo Goldberg Resume Wrapped.docx	move-as-bundle	high	Grad Recruiting/Resume/	Reusable resume-version area.
Grad Recruiting/Resume/Other/Leo Goldberg Resume Wrapped.pdf	career-core/resumes/grad-recruiting/Other/Leo Goldberg Resume Wrapped.pdf	move-as-bundle	high	Grad Recruiting/Resume/	Reusable resume-version area.
Grad Recruiting/Resume/Other/Leo Goldberg Resume copy.pdf	career-core/resumes/grad-recruiting/Other/Leo Goldberg Resume copy.pdf	move-as-bundle	high	Grad Recruiting/Resume/	Reusable resume-version area.
Grad Recruiting/Resume/Other/Leo Goldberg Resume.docx	career-core/resumes/grad-recruiting/Other/Leo Goldberg Resume.docx	move-as-bundle	high	Grad Recruiting/Resume/	Reusable resume-version area.
Grad Recruiting/Resume/Other/Leo Goldberg Resume.pdf	career-core/resumes/grad-recruiting/Other/Leo Goldberg Resume.pdf	move-as-bundle	high	Grad Recruiting/Resume/	Reusable resume-version area.
Grad Recruiting/Resume/Other/_MConverter.eu_Leo Goldberg Resume 23.json	career-core/resumes/grad-recruiting/Other/_MConverter.eu_Leo Goldberg Resume 23.json	move-as-bundle	high	Grad Recruiting/Resume/	Reusable resume-version area.
Grad Recruiting/Resume/S&T/.DS_Store	legacy-unclassified/system-metadata/Grad Recruiting/Resume/S&T/.DS_Store	metadata-quarantine	high	[metadata rule]	Finder metadata or Office temporary/lock file; quarantine without treating it as substantive evidence or deleting it.
Grad Recruiting/Resume/S&T/Asset Management : Structured Credit/Finance S&T Resume.pdf	career-core/resumes/grad-recruiting/S&T/Asset Management : Structured Credit/Finance S&T Resume.pdf	move-as-bundle	high	Grad Recruiting/Resume/	Reusable resume-version area.
Grad Recruiting/Resume/S&T/Asset Management : Structured Credit/Leo Goldberg Resume.docx	career-core/resumes/grad-recruiting/S&T/Asset Management : Structured Credit/Leo Goldberg Resume.docx	move-as-bundle	high	Grad Recruiting/Resume/	Reusable resume-version area.
Grad Recruiting/Resume/S&T/Asset Management : Structured Credit/Leo Goldberg Resume.pdf	career-core/resumes/grad-recruiting/S&T/Asset Management : Structured Credit/Leo Goldberg Resume.pdf	move-as-bundle	high	Grad Recruiting/Resume/	Reusable resume-version area.
Grad Recruiting/Resume/S&T/Asset Management : Structured Credit/~$o Goldberg Resume New York.docx	legacy-unclassified/system-metadata/Grad Recruiting/Resume/S&T/Asset Management : Structured Credit/~$o Goldberg Resume New York.docx	metadata-quarantine	high	[metadata rule]	Finder metadata or Office temporary/lock file; quarantine without treating it as substantive evidence or deleting it.
Grad Recruiting/Resume/S&T/Florida/Leo Goldberg Resume Florida.docx	career-core/resumes/grad-recruiting/S&T/Florida/Leo Goldberg Resume Florida.docx	move-as-bundle	high	Grad Recruiting/Resume/	Reusable resume-version area.
Grad Recruiting/Resume/S&T/Florida/Leo Goldberg Resume.pdf	career-core/resumes/grad-recruiting/S&T/Florida/Leo Goldberg Resume.pdf	move-as-bundle	high	Grad Recruiting/Resume/	Reusable resume-version area.
Grad Recruiting/Resume/S&T/Location Agnostic/.DS_Store	legacy-unclassified/system-metadata/Grad Recruiting/Resume/S&T/Location Agnostic/.DS_Store	metadata-quarantine	high	[metadata rule]	Finder metadata or Office temporary/lock file; quarantine without treating it as substantive evidence or deleting it.
Grad Recruiting/Resume/S&T/Location Agnostic/Leo Goldberg Resume.pdf	career-core/resumes/grad-recruiting/S&T/Location Agnostic/Leo Goldberg Resume.pdf	move-as-bundle	high	Grad Recruiting/Resume/	Reusable resume-version area.
Grad Recruiting/Resume/S&T/New York/Leo Goldberg Resume New York.docx	career-core/resumes/grad-recruiting/S&T/New York/Leo Goldberg Resume New York.docx	move-as-bundle	high	Grad Recruiting/Resume/	Reusable resume-version area.
Grad Recruiting/Resume/S&T/New York/Leo Goldberg Resume.pdf	career-core/resumes/grad-recruiting/S&T/New York/Leo Goldberg Resume.pdf	move-as-bundle	high	Grad Recruiting/Resume/	Reusable resume-version area.
Grad Recruiting/Resume/S&T/New York/~$o Goldberg Resume Florida.docx	legacy-unclassified/system-metadata/Grad Recruiting/Resume/S&T/New York/~$o Goldberg Resume Florida.docx	metadata-quarantine	high	[metadata rule]	Finder metadata or Office temporary/lock file; quarantine without treating it as substantive evidence or deleting it.
Grad Recruiting/Resume/~$o Goldberg Resume Chat	legacy-unclassified/system-metadata/Grad Recruiting/Resume/~$o Goldberg Resume Chat	metadata-quarantine	high	[metadata rule]	Finder metadata or Office temporary/lock file; quarantine without treating it as substantive evidence or deleting it.
Grad Recruiting/SMBC/Leo Goldberg Cover Letter.docx	recruiting/applications/2026-graduate/SMBC/Leo Goldberg Cover Letter.docx	proposed-move	medium	Grad Recruiting/	Most content is graduate recruiting, with functional exceptions below.
Grad Recruiting/SMBC/Leo Goldberg Cover Letter.pdf	recruiting/applications/2026-graduate/SMBC/Leo Goldberg Cover Letter.pdf	proposed-move	medium	Grad Recruiting/	Most content is graduate recruiting, with functional exceptions below.
Grad Recruiting/ScotiaBank/Corp Acess Global Banking & Markets/(14) Analyst, US Corporate Access, Global Banking & Markets - New York, New York _ Scotiabank _ LinkedIn.pdf	recruiting/applications/2026-graduate/ScotiaBank/Corp Acess Global Banking & Markets/(14) Analyst, US Corporate Access, Global Banking & Markets - New York, New York _ Scotiabank _ LinkedIn.pdf	proposed-move	medium	Grad Recruiting/	Most content is graduate recruiting, with functional exceptions below.
Grad Recruiting/ScotiaBank/Cover Letters/Santander/Leo Goldberg Cover Letter.docx	recruiting/applications/2026-graduate/ScotiaBank/Cover Letters/Santander/Leo Goldberg Cover Letter.docx	proposed-move	medium	Grad Recruiting/	Most content is graduate recruiting, with functional exceptions below.
Grad Recruiting/ScotiaBank/Cover Letters/Santander/Leo Goldberg Cover Letter.pdf	recruiting/applications/2026-graduate/ScotiaBank/Cover Letters/Santander/Leo Goldberg Cover Letter.pdf	proposed-move	medium	Grad Recruiting/	Most content is graduate recruiting, with functional exceptions below.
Grad Recruiting/ScotiaBank/Leo Goldberg Cover Letter.docx	recruiting/applications/2026-graduate/ScotiaBank/Leo Goldberg Cover Letter.docx	proposed-move	medium	Grad Recruiting/	Most content is graduate recruiting, with functional exceptions below.
Grad Recruiting/ScotiaBank/Leo Goldberg Cover Letter.pdf	recruiting/applications/2026-graduate/ScotiaBank/Leo Goldberg Cover Letter.pdf	proposed-move	medium	Grad Recruiting/	Most content is graduate recruiting, with functional exceptions below.
Grad Recruiting/ScotiaBank/Leo Goldberg Resume copy.pdf	recruiting/applications/2026-graduate/ScotiaBank/Leo Goldberg Resume copy.pdf	proposed-move	medium	Grad Recruiting/	Most content is graduate recruiting, with functional exceptions below.
Grad Recruiting/ScotiaBank/Leo Goldberg Resume.docx	recruiting/applications/2026-graduate/ScotiaBank/Leo Goldberg Resume.docx	proposed-move	medium	Grad Recruiting/	Most content is graduate recruiting, with functional exceptions below.
Grad Recruiting/ScotiaBank/Leo Goldberg Resume.pdf	recruiting/applications/2026-graduate/ScotiaBank/Leo Goldberg Resume.pdf	proposed-move	medium	Grad Recruiting/	Most content is graduate recruiting, with functional exceptions below.
Grad Recruiting/Screenshot 2026-01-06 at 2.03.13 PM.png	experience-and-portfolio/volunteering/Barcelona English Teaching/Screenshot 2026-01-06 at 2.03.13 PM.png	proposed-move	high	Grad Recruiting/Screenshot 2026-01-06 at 2.03.13 PM.png	Photo shows farewell and thank-you messages from Leo's English students.
Grad Recruiting/Screenshot 2026-01-06 at 4.21.03 PM.png	outreach/contacts-and-introductions/DTCC/Screenshot 2026-01-06 at 4.21.03 PM.png	proposed-move	high	Grad Recruiting/Screenshot 2026-01-06 at 4.21.03 PM.png	Screenshot records a DTCC talent-acquisition contact's LinkedIn experience.
Grad Recruiting/Sony Music Industry - The Orchard Label/Leo Goldberg Cover Letter.docx	recruiting/applications/2026-graduate/Sony Music Industry - The Orchard Label/Leo Goldberg Cover Letter.docx	proposed-move	medium	Grad Recruiting/	Most content is graduate recruiting, with functional exceptions below.
Grad Recruiting/Sony Music Industry - The Orchard Label/Leo Goldberg Cover Letter.pdf	recruiting/applications/2026-graduate/Sony Music Industry - The Orchard Label/Leo Goldberg Cover Letter.pdf	proposed-move	medium	Grad Recruiting/	Most content is graduate recruiting, with functional exceptions below.
Grad Recruiting/Structured Owl Credit/.DS_Store	legacy-unclassified/system-metadata/Grad Recruiting/Structured Owl Credit/.DS_Store	metadata-quarantine	high	[metadata rule]	Finder metadata or Office temporary/lock file; quarantine without treating it as substantive evidence or deleting it.
Grad Recruiting/Structured Owl Credit/Blue Owl Capital/Leo Goldberg.docx	recruiting/applications/2026-graduate/Structured Owl Credit/Blue Owl Capital/Leo Goldberg.docx	proposed-move	medium	Grad Recruiting/	Most content is graduate recruiting, with functional exceptions below.
Grad Recruiting/Structured Owl Credit/Leo Goldberg Cover Letter 2.docx	recruiting/applications/2026-graduate/Structured Owl Credit/Leo Goldberg Cover Letter 2.docx	proposed-move	medium	Grad Recruiting/	Most content is graduate recruiting, with functional exceptions below.
Grad Recruiting/Structured Owl Credit/Leo Goldberg Cover Letter.pdf	recruiting/applications/2026-graduate/Structured Owl Credit/Leo Goldberg Cover Letter.pdf	proposed-move	medium	Grad Recruiting/	Most content is graduate recruiting, with functional exceptions below.
Grad Recruiting/Structured Owl Credit/Peer Tutoring Role.pdf	recruiting/applications/2026-graduate/Structured Owl Credit/Peer Tutoring Role.pdf	proposed-move	medium	Grad Recruiting/	Most content is graduate recruiting, with functional exceptions below.
Grad Recruiting/Structured Owl Credit/Sturcutred Credit Analyst Description.pdf	recruiting/applications/2026-graduate/Structured Owl Credit/Sturcutred Credit Analyst Description.pdf	proposed-move	medium	Grad Recruiting/	Most content is graduate recruiting, with functional exceptions below.
Grad Recruiting/Structured Owl Credit/~$o Goldberg Cover Letter 2.docx	legacy-unclassified/system-metadata/Grad Recruiting/Structured Owl Credit/~$o Goldberg Cover Letter 2.docx	metadata-quarantine	high	[metadata rule]	Finder metadata or Office temporary/lock file; quarantine without treating it as substantive evidence or deleting it.
Grad Recruiting/Tell Me About Yourself Drafts/Draft 1.mov	recruiting/interview-prep/Tell Me About Yourself/Draft 1.mov	move-as-bundle	high	Grad Recruiting/Tell Me About Yourself Drafts/	Reusable interview preparation.
Grad Recruiting/Tell Me About Yourself Drafts/Draft 2.mov	recruiting/interview-prep/Tell Me About Yourself/Draft 2.mov	move-as-bundle	high	Grad Recruiting/Tell Me About Yourself Drafts/	Reusable interview preparation.
Grad Recruiting/Tell Me About Yourself Drafts/Nintendo: Unwavering Customer Loyalty, Supported By Robust Fundamentals To Sustain Unending Innovati.png	recruiting/interview-prep/Tell Me About Yourself/Nintendo: Unwavering Customer Loyalty, Supported By Robust Fundamentals To Sustain Unending Innovati.png	move-as-bundle	high	Grad Recruiting/Tell Me About Yourself Drafts/	Reusable interview preparation.
Grad Recruiting/Tell Me About Yourself Drafts/What's That Sound?.png	recruiting/interview-prep/Tell Me About Yourself/What's That Sound?.png	move-as-bundle	high	Grad Recruiting/Tell Me About Yourself Drafts/	Reusable interview preparation.
Grad Recruiting/US Bank/Leo Goldberg Cover Letter.pdf	recruiting/applications/2026-graduate/US Bank/Leo Goldberg Cover Letter.pdf	proposed-move	medium	Grad Recruiting/	Most content is graduate recruiting, with functional exceptions below.
Grad Recruiting/Unofficial Transcript.pdf	career-core/transcripts/Unofficial Transcript.pdf	proposed-move	medium	Grad Recruiting/Unofficial Transcript.pdf	Reusable transcript candidate; identity and currency require review.
Grad Recruiting/Valet Offer LEtter.pdf	recruiting/applications/2026-graduate/Valet/Valet Offer LEtter.pdf	proposed-move	medium	Grad Recruiting/Valet Offer LEtter.pdf	Offer/application record; exact employer context requires review.
Grad Recruiting/Wall Street Prep Excel Certificate of Completion.pdf	career-core/certifications/Wall Street Prep Excel Certificate of Completion.pdf	proposed-move	high	Grad Recruiting/Wall Street Prep Excel Certificate of Completion.pdf	Reusable certification evidence.
Grad Recruiting/Wall Street Prep Excel.jpg	career-core/certifications/Wall Street Prep Excel.jpg	proposed-move	high	Grad Recruiting/Wall Street Prep Excel.jpg	Certification image/supporting evidence.
Grad Recruiting/Zev Scherl/Leo Goldberg Role Interests.docx	outreach/contacts-and-introductions/Zev Scherl/Leo Goldberg Role Interests.docx	move-as-bundle	high	Grad Recruiting/Zev Scherl/	Connector-specific relationship material.
Grad Recruiting/Zev Scherl/Leo Goldberg Role Interests.pdf	outreach/contacts-and-introductions/Zev Scherl/Leo Goldberg Role Interests.pdf	move-as-bundle	high	Grad Recruiting/Zev Scherl/	Connector-specific relationship material.
Grad Recruiting/vrc portfolio analysis/Leo Goldberg Cover Letter.docx	experience-and-portfolio/investment-projects/VRC Portfolio Analysis/Leo Goldberg Cover Letter.docx	move-as-bundle	high	Grad Recruiting/vrc portfolio analysis/	Portfolio/investment analysis rather than an application.
Grad Recruiting/vrc portfolio analysis/Leo Goldberg Cover Letter.pdf	experience-and-portfolio/investment-projects/VRC Portfolio Analysis/Leo Goldberg Cover Letter.pdf	move-as-bundle	high	Grad Recruiting/vrc portfolio analysis/	Portfolio/investment analysis rather than an application.
Grad Recruiting/~$Master Applications.xlsx	legacy-unclassified/system-metadata/Grad Recruiting/~$Master Applications.xlsx	metadata-quarantine	high	[metadata rule]	Finder metadata or Office temporary/lock file; quarantine without treating it as substantive evidence or deleting it.
Grad Recruiting/~$Master Netoworking.xlsx	legacy-unclassified/system-metadata/Grad Recruiting/~$Master Netoworking.xlsx	metadata-quarantine	high	[metadata rule]	Finder metadata or Office temporary/lock file; quarantine without treating it as substantive evidence or deleting it.
IMG_1944.JPG	education-and-leadership/coursework/UAB/CryptoEconomy Midterm/IMG_1944.JPG	proposed-move	high	IMG_1944.JPG	Photo shows the UAB CryptoEconomy midterm reflection assignment.
Leo Goldberg Cover Letter JP Template.docx	career-core/cover-letter-templates/Leo Goldberg Cover Letter JP Template.docx	proposed-move	high	Leo Goldberg Cover Letter JP Template.docx	Reusable template by filename.
Leo Goldberg Cover Letter.pdf	recruiting/applications/2026-graduate/JPMorgan/Capital Markets Graduate Analyst Program/Leo Goldberg Cover Letter.pdf	proposed-move	high	Leo Goldberg Cover Letter.pdf	Content identifies JPMorgan's Markets Capital Markets Graduate Analyst Program.
Leo Goldberg Transcript OLD.pdf	career-core/transcripts/historical/Leo Goldberg Transcript OLD.pdf	proposed-move	high	Leo Goldberg Transcript OLD.pdf	Historical transcript; preserve OLD label.
Leo Goldberg Transcript.pdf	career-core/transcripts/Leo Goldberg Transcript.pdf	proposed-move	medium	Leo Goldberg Transcript.pdf	Transcript candidate; authority/currentness still requires review.
Leo Schedule.png	education-and-leadership/coursework/schedules/2024 Spring/Leo Schedule.png	proposed-move	high	Leo Schedule.png	Calendar screenshot shows the week of 2024-01-15 and course codes.
Leo_G_Schedule.png	education-and-leadership/coursework/schedules/historical-undated/Leo_G_Schedule.png	proposed-move	medium	Leo_G_Schedule.png	Course schedule is clearly academic, but its term is not visible.
Leo_Goldberg_Resume No HyperLink.docx	career-core/resumes/legacy-version-library/root-imports/Leo_Goldberg_Resume No HyperLink.docx	proposed-move	medium	Leo_Goldberg_Resume No HyperLink.docx	Resume version; audience and authority unresolved.
Leo_Goldberg_Resume OLD.pdf	career-core/resumes/legacy-version-library/root-imports/Leo_Goldberg_Resume OLD.pdf	proposed-move	high	Leo_Goldberg_Resume OLD.pdf	Explicit historical resume.
Leo_Goldberg_Resume.pdf	career-core/resumes/legacy-version-library/root-imports/Leo_Goldberg_Resume.pdf	proposed-move	medium	Leo_Goldberg_Resume.pdf	Resume version; audience and authority unresolved.
Leo_Goldberg_Resume2 Old.pdf	career-core/resumes/legacy-version-library/root-imports/Leo_Goldberg_Resume2 Old.pdf	proposed-move	high	Leo_Goldberg_Resume2 Old.pdf	Explicit historical resume.
Maximizing My Time in College.png	education-and-leadership/organizations/GCC/Maximizing My Time in College.png	proposed-move	medium	Maximizing My Time in College.png	Likely GCC-related presentation artifact; verify visually before move.
Networking Spreadsheet Icloud Drive.xlsx	recruiting/trackers/Networking Spreadsheet Icloud Drive.xlsx	proposed-move	high	Networking Spreadsheet Icloud Drive.xlsx	Candidate networking tracker; authority unresolved.
Networking Spreadsheet Template.xlsx	recruiting/trackers/templates/Networking Spreadsheet Template.xlsx	proposed-move	high	Networking Spreadsheet Template.xlsx	Tracker template.
Networking Spreadsheet.xlsx	recruiting/trackers/Networking Spreadsheet.xlsx	proposed-move	high	Networking Spreadsheet.xlsx	Candidate networking tracker; authority unresolved.
Oz Letter.docx	recruiting/applications/academic-roles/USC FINA 363 TA/Oz Letter.docx	proposed-move	high	Oz Letter.docx	Email-style application for a FINA 363 teaching-assistant position addressed to Professor Oz.
Printed Applications/BOFA/- Bank of America.pdf	recruiting/applications/printed-submissions/BOFA/- Bank of America.pdf	move-as-bundle	high	Printed Applications/	Printed application records.
Printed Applications/BOFA/capital markets ny and charlotte.pdf	recruiting/applications/printed-submissions/BOFA/capital markets ny and charlotte.pdf	move-as-bundle	high	Printed Applications/	Printed application records.
Printed Applications/Jefferies Equity S&T.pdf	recruiting/applications/printed-submissions/Jefferies Equity S&T.pdf	move-as-bundle	high	Printed Applications/	Printed application records.
Printed Applications/Jefferies IB Generalist.pdf	recruiting/applications/printed-submissions/Jefferies IB Generalist.pdf	move-as-bundle	high	Printed Applications/	Printed application records.
Printed Applications/Lazard Capital Restructuring IB.pdf	recruiting/applications/printed-submissions/Lazard Capital Restructuring IB.pdf	move-as-bundle	high	Printed Applications/	Printed application records.
Resume/.DS_Store	legacy-unclassified/system-metadata/Resume/.DS_Store	metadata-quarantine	high	[metadata rule]	Finder metadata or Office temporary/lock file; quarantine without treating it as substantive evidence or deleting it.
Resume/GCC Template/Alexis McConomy Resume.pdf	career-core/resumes/legacy-version-library/GCC Template/Alexis McConomy Resume.pdf	move-as-bundle	high	Resume/	Historical resume versions and submission copies.
Resume/GCC Template/Cover Letter Template YT.docx	career-core/resumes/legacy-version-library/GCC Template/Cover Letter Template YT.docx	move-as-bundle	high	Resume/	Historical resume versions and submission copies.
Resume/GCC Template/Finance Scholars Template.docx	career-core/resumes/legacy-version-library/GCC Template/Finance Scholars Template.docx	move-as-bundle	high	Resume/	Historical resume versions and submission copies.
Resume/GCC Template/Jess Layton Resume.pdf	career-core/resumes/legacy-version-library/GCC Template/Jess Layton Resume.pdf	move-as-bundle	high	Resume/	Historical resume versions and submission copies.
Resume/GCC Template/Kameron Little.pdf	career-core/resumes/legacy-version-library/GCC Template/Kameron Little.pdf	move-as-bundle	high	Resume/	Historical resume versions and submission copies.
Resume/GCC Template/Resume Template Fall 2021.docx	career-core/resumes/legacy-version-library/GCC Template/Resume Template Fall 2021.docx	move-as-bundle	high	Resume/	Historical resume versions and submission copies.
Resume/GCC Template/Resume+Template+(with+Mark-up) (1).docx	career-core/resumes/legacy-version-library/GCC Template/Resume+Template+(with+Mark-up) (1).docx	move-as-bundle	high	Resume/	Historical resume versions and submission copies.
Resume/GCC Template/Resume+Template+(with+Mark-up).docx	career-core/resumes/legacy-version-library/GCC Template/Resume+Template+(with+Mark-up).docx	move-as-bundle	high	Resume/	Historical resume versions and submission copies.
Resume/GCC Template/Scholars Template 2.docx	career-core/resumes/legacy-version-library/GCC Template/Scholars Template 2.docx	move-as-bundle	high	Resume/	Historical resume versions and submission copies.
Resume/PDF Versions/.DS_Store	legacy-unclassified/system-metadata/Resume/PDF Versions/.DS_Store	metadata-quarantine	high	[metadata rule]	Finder metadata or Office temporary/lock file; quarantine without treating it as substantive evidence or deleting it.
Resume/PDF Versions/Leo Goldberg Resume (1).pdf	career-core/resumes/legacy-version-library/PDF Versions/Leo Goldberg Resume (1).pdf	move-as-bundle	high	Resume/	Historical resume versions and submission copies.
Resume/PDF Versions/Leo Goldberg Resume 10.pdf	career-core/resumes/legacy-version-library/PDF Versions/Leo Goldberg Resume 10.pdf	move-as-bundle	high	Resume/	Historical resume versions and submission copies.
Resume/PDF Versions/Leo Goldberg Resume 11.5.pdf	career-core/resumes/legacy-version-library/PDF Versions/Leo Goldberg Resume 11.5.pdf	move-as-bundle	high	Resume/	Historical resume versions and submission copies.
Resume/PDF Versions/Leo Goldberg Resume 11.pdf	career-core/resumes/legacy-version-library/PDF Versions/Leo Goldberg Resume 11.pdf	move-as-bundle	high	Resume/	Historical resume versions and submission copies.
Resume/PDF Versions/Leo Goldberg Resume 12.pdf	career-core/resumes/legacy-version-library/PDF Versions/Leo Goldberg Resume 12.pdf	move-as-bundle	high	Resume/	Historical resume versions and submission copies.
Resume/PDF Versions/Leo Goldberg Resume 15.pdf	career-core/resumes/legacy-version-library/PDF Versions/Leo Goldberg Resume 15.pdf	move-as-bundle	high	Resume/	Historical resume versions and submission copies.
Resume/PDF Versions/Leo Goldberg Resume 16 - Pre Internship.pdf	career-core/resumes/legacy-version-library/PDF Versions/Leo Goldberg Resume 16 - Pre Internship.pdf	move-as-bundle	high	Resume/	Historical resume versions and submission copies.
Resume/PDF Versions/Leo Goldberg Resume 4.pdf	career-core/resumes/legacy-version-library/PDF Versions/Leo Goldberg Resume 4.pdf	move-as-bundle	high	Resume/	Historical resume versions and submission copies.
Resume/PDF Versions/Leo Goldberg Resume 5.pdf	career-core/resumes/legacy-version-library/PDF Versions/Leo Goldberg Resume 5.pdf	move-as-bundle	high	Resume/	Historical resume versions and submission copies.
Resume/PDF Versions/Leo Goldberg Resume 7.pdf	career-core/resumes/legacy-version-library/PDF Versions/Leo Goldberg Resume 7.pdf	move-as-bundle	high	Resume/	Historical resume versions and submission copies.
Resume/PDF Versions/Leo Goldberg Resume 8.pdf	career-core/resumes/legacy-version-library/PDF Versions/Leo Goldberg Resume 8.pdf	move-as-bundle	high	Resume/	Historical resume versions and submission copies.
Resume/Renamed Versions for Submissions/Leo Goldberg Resume Pre-BNP.pdf	career-core/resumes/legacy-version-library/Renamed Versions for Submissions/Leo Goldberg Resume Pre-BNP.pdf	move-as-bundle	high	Resume/	Historical resume versions and submission copies.
Resume/Renamed Versions for Submissions/Leo Goldberg Resume.pdf	career-core/resumes/legacy-version-library/Renamed Versions for Submissions/Leo Goldberg Resume.pdf	move-as-bundle	high	Resume/	Historical resume versions and submission copies.
Resume/Word Docx Versions/Leo Goldberg Resume 10.docx	career-core/resumes/legacy-version-library/Word Docx Versions/Leo Goldberg Resume 10.docx	move-as-bundle	high	Resume/	Historical resume versions and submission copies.
Resume/Word Docx Versions/Leo Goldberg Resume 11.5.docx	career-core/resumes/legacy-version-library/Word Docx Versions/Leo Goldberg Resume 11.5.docx	move-as-bundle	high	Resume/	Historical resume versions and submission copies.
Resume/Word Docx Versions/Leo Goldberg Resume 11.docx	career-core/resumes/legacy-version-library/Word Docx Versions/Leo Goldberg Resume 11.docx	move-as-bundle	high	Resume/	Historical resume versions and submission copies.
Resume/Word Docx Versions/Leo Goldberg Resume 12.docx	career-core/resumes/legacy-version-library/Word Docx Versions/Leo Goldberg Resume 12.docx	move-as-bundle	high	Resume/	Historical resume versions and submission copies.
Resume/Word Docx Versions/Leo Goldberg Resume 13.docx	career-core/resumes/legacy-version-library/Word Docx Versions/Leo Goldberg Resume 13.docx	move-as-bundle	high	Resume/	Historical resume versions and submission copies.
Resume/Word Docx Versions/Leo Goldberg Resume 14.docx	career-core/resumes/legacy-version-library/Word Docx Versions/Leo Goldberg Resume 14.docx	move-as-bundle	high	Resume/	Historical resume versions and submission copies.
Resume/Word Docx Versions/Leo Goldberg Resume 15.docx	career-core/resumes/legacy-version-library/Word Docx Versions/Leo Goldberg Resume 15.docx	move-as-bundle	high	Resume/	Historical resume versions and submission copies.
Resume/Word Docx Versions/Leo Goldberg Resume 16.docx	career-core/resumes/legacy-version-library/Word Docx Versions/Leo Goldberg Resume 16.docx	move-as-bundle	high	Resume/	Historical resume versions and submission copies.
Resume/Word Docx Versions/Leo Goldberg Resume 17.docx	career-core/resumes/legacy-version-library/Word Docx Versions/Leo Goldberg Resume 17.docx	move-as-bundle	high	Resume/	Historical resume versions and submission copies.
Resume/Word Docx Versions/Leo Goldberg Resume 18.docx	career-core/resumes/legacy-version-library/Word Docx Versions/Leo Goldberg Resume 18.docx	move-as-bundle	high	Resume/	Historical resume versions and submission copies.
Resume/Word Docx Versions/Leo Goldberg Resume 19.docx	career-core/resumes/legacy-version-library/Word Docx Versions/Leo Goldberg Resume 19.docx	move-as-bundle	high	Resume/	Historical resume versions and submission copies.
Resume/Word Docx Versions/Leo Goldberg Resume 4.docx	career-core/resumes/legacy-version-library/Word Docx Versions/Leo Goldberg Resume 4.docx	move-as-bundle	high	Resume/	Historical resume versions and submission copies.
Resume/Word Docx Versions/Leo Goldberg Resume 5.docx	career-core/resumes/legacy-version-library/Word Docx Versions/Leo Goldberg Resume 5.docx	move-as-bundle	high	Resume/	Historical resume versions and submission copies.
Resume/Word Docx Versions/Leo Goldberg Resume 6.docx	career-core/resumes/legacy-version-library/Word Docx Versions/Leo Goldberg Resume 6.docx	move-as-bundle	high	Resume/	Historical resume versions and submission copies.
Resume/Word Docx Versions/Leo Goldberg Resume 7.docx	career-core/resumes/legacy-version-library/Word Docx Versions/Leo Goldberg Resume 7.docx	move-as-bundle	high	Resume/	Historical resume versions and submission copies.
Resume/Word Docx Versions/Leo Goldberg Resume 8 - draft.docx	career-core/resumes/legacy-version-library/Word Docx Versions/Leo Goldberg Resume 8 - draft.docx	move-as-bundle	high	Resume/	Historical resume versions and submission copies.
Resume/Word Docx Versions/Leo Goldberg Resume 9.docx	career-core/resumes/legacy-version-library/Word Docx Versions/Leo Goldberg Resume 9.docx	move-as-bundle	high	Resume/	Historical resume versions and submission copies.
Resume/Word Docx Versions/Leo_Goldberg_Resume 3.docx	career-core/resumes/legacy-version-library/Word Docx Versions/Leo_Goldberg_Resume 3.docx	move-as-bundle	high	Resume/	Historical resume versions and submission copies.
Resume/Word Docx Versions/~$o Goldberg Resume 19.docx	legacy-unclassified/system-metadata/Resume/Word Docx Versions/~$o Goldberg Resume 19.docx	metadata-quarantine	high	[metadata rule]	Finder metadata or Office temporary/lock file; quarantine without treating it as substantive evidence or deleting it.
birkman id number.png	education-and-leadership/coursework/BADM 301/private/birkman id number.png	proposed-move	high	birkman id number.png	Screenshot records completion of the course-required Birkman questionnaire and exposes a private ID; keep access limited.
download.jpg	career-core/profile-assets/school/download.jpg	proposed-move	medium	download.jpg	Image shows the Darla Moore School building; generic filename should be preserved during the first move.
leo - Personal - Shortcut.lnk	legacy-unclassified/system-metadata/leo - Personal - Shortcut.lnk	metadata-quarantine	high	leo - Personal - Shortcut.lnk	Windows shortcut points to a personal OneDrive directory and is not primary career evidence.
